"n_input","beta","block","condition_label","score_type","n_replications","n_failed","mean_effect_size","sd_effect_size","mean_correlation","mean_latent_effect_base_full","mean_latent_effect_condition_full","mean_latent_effect_condition_selected","mean_delta_from_base_full","mean_delta_from_condition_full","mean_delta_from_condition_selected","mean_selection_effect_on_latent_d","mean_x_skew_obs","mean_y_skew_obs","mean_x_kurtosis_obs","mean_y_kurtosis_obs","mean_n_used","prop_significant"
250,0.2,"1A_score_construction","baseline_scores","factor",1000,0,0.12337558117984,0.0413285605283487,0.159772626650265,0.149417719011847,0.149417719011847,0.149417719011847,-0.0260421378320072,-0.0260421378320072,-0.0260421378320072,0,0.000747466577893983,-0.000912979145840324,2.7983555768265,2.78886904525965,250,0.287
250,0.2,"1A_score_construction","baseline_scores","sum",1000,0,0.0991228597440671,0.0354881859777509,0.160100655408731,0.149417719011847,0.149417719011847,0.149417719011847,-0.0502948592677803,-0.0502948592677803,-0.0502948592677803,0,-0.00107155401992472,0.000174384210295211,2.49686156054287,2.49093968451295,250,0.282
250,0.2,"1B_reliability","loading_0.50","sum",1000,0,0.113880554807234,0.0432601551096049,0.127469634026769,0.149417719011847,0.149417719011847,0.149417719011847,-0.0355371642046139,-0.0355371642046139,-0.0355371642046139,0,0.00658766303805449,0.00198250677347646,2.65741539357369,2.65620666341671,250,0.204
250,0.2,"1B_reliability","loading_0.70","sum",1000,0,0.100139493923341,0.0338335822495715,0.16221466386249,0.149417719011847,0.149417719011847,0.149417719011847,-0.0492782250885067,-0.0492782250885067,-0.0492782250885067,0,-0.000399258514025345,3.97790499540245e-05,2.50012910120577,2.49747816884792,250,0.271
250,0.2,"1B_reliability","loading_0.85","sum",1000,0,0.070049188720857,0.0275227080971101,0.180194239278877,0.149417719011847,0.149417719011847,0.149417719011847,-0.0793685302909904,-0.0793685302909904,-0.0793685302909904,0,-0.00342090351609408,7.0477964049837e-05,2.37709855233751,2.38234422003769,250,0.338
250,0.2,"1C_response_categories","n_cat_4","sum",1000,0,0.0695583002264087,0.0276821691339592,0.160071179608688,0.149417719011847,0.149417719011847,0.149417719011847,-0.0798594187854388,-0.0798594187854388,-0.0798594187854388,0,-0.000475904325915398,-0.00209603008521304,2.27623144601807,2.27680268665958,250,0.256
250,0.2,"1C_response_categories","n_cat_5","sum",1000,0,0.101237562526632,0.0363301602632743,0.162661227459608,0.149417719011847,0.149417719011847,0.149417719011847,-0.0481801564852152,-0.0481801564852152,-0.0481801564852152,0,0.000118072733860628,-0.0032661808521562,2.49203174933399,2.49673135186558,250,0.29
250,0.2,"1C_response_categories","n_cat_7","sum",1000,0,0.131973973945101,0.0466743149111844,0.163422896815656,0.149417719011847,0.149417719011847,0.149417719011847,-0.0174437450667464,-0.0174437450667464,-0.0174437450667464,0,-0.00417330776659416,-0.000167907383593517,2.81928577406682,2.83277730684123,250,0.281
250,0.2,"1D_threshold_shift","lower_0.50","sum",1000,0,0.0921429768363816,0.0378288423808159,0.161446237405204,0.149417719011847,0.149417719011847,0.149417719011847,-0.0572747421754658,-0.0572747421754658,-0.0572747421754658,0,-0.267963416992143,-0.267703708701995,2.55325281133207,2.5614154002551,250,0.255
250,0.2,"1D_threshold_shift","lower_0.70","sum",1000,0,0.0827999064924381,0.0407332613887028,0.159860931976875,0.149417719011847,0.149417719011847,0.149417719011847,-0.0666178125194093,-0.0666178125194093,-0.0666178125194093,0,-0.38984780083158,-0.389773462399764,2.63117724732728,2.64764829344939,250,0.229
250,0.2,"1D_threshold_shift","lower_1.00","sum",1000,0,0.0701710344057782,0.0421537333670035,0.155407646845733,0.149417719011847,0.149417719011847,0.149417719011847,-0.0792466846060692,-0.0792466846060692,-0.0792466846060692,0,-0.596773846866186,-0.600558496628414,2.86375481467147,2.8783858797711,250,0.21
250,0.2,"1D_threshold_shift","upper_0.50","sum",1000,0,0.0913072653088465,0.038633708757076,0.16050912803094,0.149417719011847,0.149417719011847,0.149417719011847,-0.0581104537030009,-0.0581104537030009,-0.0581104537030009,0,0.267215087511475,0.271512702155501,2.55618023577195,2.5609173605204,250,0.26
250,0.2,"1D_threshold_shift","upper_0.70","sum",1000,0,0.085111894451818,0.0410354681944664,0.159291905839422,0.149417719011847,0.149417719011847,0.149417719011847,-0.0643058245600294,-0.0643058245600294,-0.0643058245600294,0,0.393302575990956,0.392037176755765,2.64900889045771,2.64713775788606,250,0.245
250,0.2,"1D_threshold_shift","upper_1.00","sum",1000,0,0.0746788304703467,0.0463465215523183,0.157186830233127,0.149417719011847,0.149417719011847,0.149417719011847,-0.0747388885415007,-0.0747388885415007,-0.0747388885415007,0,0.599344790728694,0.59740050654351,2.87569393005671,2.87582128705266,250,0.215
250,0.2,"1E_range_restriction","x_lower","sum",1000,0,0.117052337606676,0.0438303791368847,0.107213057320814,0.149417719011847,0.149417719011847,0.211120425468842,-0.0323653814051714,-0.0323653814051714,-0.0940680878621661,0.0617027064569947,-0.244007545741574,0.0404879418962981,2.56497872725453,2.49135479643978,175,0.179
250,0.2,"1E_range_restriction","x_upper","sum",1000,0,0.0887955185325204,0.0404833793667339,0.105537595737053,0.149417719011847,0.149417719011847,0.0556348593819972,-0.060622200479327,-0.060622200479327,0.0331606591505232,-0.0937828596298502,0.252482611999357,-0.0384276872565451,2.57771647256449,2.49597910108025,175,0.122
250,0.2,"1E_range_restriction","y_lower","sum",1000,0,0.0915991571220025,0.0408813523499778,0.106467578890883,0.149417719011847,0.149417719011847,0.0547191817049555,-0.0578185618898449,-0.0578185618898449,0.036879975417047,-0.0946985373068919,0.0320085216878362,-0.248724888953454,2.4881660161693,2.57003910784224,175,0.14
250,0.2,"1E_range_restriction","y_upper","sum",1000,0,0.115575526090675,0.0446780764963811,0.102465689210851,0.149417719011847,0.149417719011847,0.21049819681192,-0.0338421929211728,-0.0338421929211728,-0.0949226707212455,0.0610804778000727,-0.0348420405027901,0.247472795073853,2.49144498791135,2.57151181391228,175,0.173
250,0.4,"1A_score_construction","baseline_scores","factor",1000,0,0.164416765854885,0.043738919449745,0.330201232457719,0.200989836834673,0.200989836834673,0.200989836834673,-0.0365730709797879,-0.0365730709797879,-0.0365730709797879,0,-0.00152850624819122,-0.000318881443086413,2.78993682707575,2.80019222722148,250,0.729
250,0.4,"1A_score_construction","baseline_scores","sum",1000,0,0.137056762701436,0.0379471957826523,0.330754534884768,0.200989836834673,0.200989836834673,0.200989836834673,-0.0639330741332378,-0.0639330741332378,-0.0639330741332378,0,-0.000885589492293578,-0.000998832982761311,2.49127197496638,2.50025395144862,250,0.726
250,0.4,"1B_reliability","loading_0.50","sum",1000,0,0.143566359428093,0.0469496290617707,0.256422235708658,0.200989836834673,0.200989836834673,0.200989836834673,-0.0574234774065809,-0.0574234774065809,-0.0574234774065809,0,0.00254236963375219,0.00195712385527173,2.65091844380061,2.65941108094765,250,0.515
250,0.4,"1B_reliability","loading_0.70","sum",1000,0,0.137265824162765,0.0381873497352197,0.330389606130428,0.200989836834673,0.200989836834673,0.200989836834673,-0.0637240126719082,-0.0637240126719082,-0.0637240126719082,0,0.00293725190297715,0.00205544865813132,2.49435348964216,2.49718227461513,250,0.723
250,0.4,"1B_reliability","loading_0.85","sum",1000,0,0.108552450903172,0.0296052309157513,0.365028269683009,0.200989836834673,0.200989836834673,0.200989836834673,-0.0924373859315018,-0.0924373859315018,-0.0924373859315018,0,0.00251323284661965,-0.00117862199747593,2.37537100465574,2.38795471894411,250,0.823
250,0.4,"1C_response_categories","n_cat_4","sum",1000,0,0.0990707914156948,0.0310905958186843,0.32542286548154,0.200989836834673,0.200989836834673,0.200989836834673,-0.101919045418979,-0.101919045418979,-0.101919045418979,0,0.00145079901129855,0.00255728510441115,2.27775463974013,2.27555496702738,250,0.678
250,0.4,"1C_response_categories","n_cat_5","sum",1000,0,0.136835326664177,0.0380557053262042,0.330661444188,0.200989836834673,0.200989836834673,0.200989836834673,-0.0641545101704968,-0.0641545101704968,-0.0641545101704968,0,0.000651186626409284,0.00387877750442342,2.49046176235883,2.49765806169245,250,0.731
250,0.4,"1C_response_categories","n_cat_7","sum",1000,0,0.172845137178863,0.0509939503399506,0.333916619763494,0.200989836834673,0.200989836834673,0.200989836834673,-0.0281446996558108,-0.0281446996558108,-0.0281446996558108,0,0.00729316899583548,-0.000687593660583096,2.82692076340379,2.81742489035679,250,0.74
250,0.4,"1D_threshold_shift","lower_0.50","sum",1000,0,0.128807197739962,0.0427465154972159,0.327268447910641,0.200989836834673,0.200989836834673,0.200989836834673,-0.0721826390947111,-0.0721826390947111,-0.0721826390947111,0,-0.264915476690886,-0.265360875003456,2.55923297774117,2.55872441428463,250,0.675
250,0.4,"1D_threshold_shift","lower_0.70","sum",1000,0,0.120036515496316,0.0466698443655342,0.326126718711006,0.200989836834673,0.200989836834673,0.200989836834673,-0.0809533213383576,-0.0809533213383576,-0.0809533213383576,0,-0.383232739391707,-0.389832655829776,2.62476553067261,2.6349107221597,250,0.639
250,0.4,"1D_threshold_shift","lower_1.00","sum",1000,0,0.10934873151432,0.0544833870995612,0.31719853583625,0.200989836834673,0.200989836834673,0.200989836834673,-0.0916411053203535,-0.0916411053203535,-0.0916411053203535,0,-0.592966599376363,-0.592582258149107,2.85561373722929,2.8549809369213,250,0.559
250,0.4,"1D_threshold_shift","upper_0.50","sum",1000,0,0.12878900158247,0.0429200015086244,0.328891205090638,0.200989836834673,0.200989836834673,0.200989836834673,-0.0722008352522032,-0.0722008352522032,-0.0722008352522032,0,0.266949257898014,0.272661446007007,2.55888581449855,2.57285826470323,250,0.688
250,0.4,"1D_threshold_shift","upper_0.70","sum",1000,0,0.121408465249738,0.0463404198775478,0.325681642072486,0.200989836834673,0.200989836834673,0.200989836834673,-0.0795813715849353,-0.0795813715849353,-0.0795813715849353,0,0.392011627561474,0.393364495727119,2.64355840343884,2.64807355980861,250,0.672
250,0.4,"1D_threshold_shift","upper_1.00","sum",1000,0,0.10754731305016,0.0515951592500981,0.319633007053116,0.200989836834673,0.200989836834673,0.200989836834673,-0.0934425237845136,-0.0934425237845136,-0.0934425237845136,0,0.598359091173429,0.602518824194268,2.86711004731575,2.88267956801191,250,0.57
250,0.4,"1E_range_restriction","x_lower","sum",1000,0,0.150920659091931,0.0462518161308776,0.218342551470345,0.200989836834673,0.200989836834673,0.261011331417376,-0.0500691777427419,-0.0500691777427419,-0.110090672325444,0.0600214945827025,-0.244557742266853,0.0602108202420729,2.57173850156078,2.51498158892836,175,0.448
250,0.4,"1E_range_restriction","x_upper","sum",1000,0,0.104168900225936,0.0428365277849285,0.222765869433643,0.200989836834673,0.200989836834673,0.0813284327421437,-0.0968209366087369,-0.0968209366087369,0.0228404674837928,-0.11966140409253,0.244986540823246,-0.0593836757901259,2.5693237858522,2.52885285092193,175,0.297
250,0.4,"1E_range_restriction","y_lower","sum",1000,0,0.10411578134651,0.042486402931964,0.219272050617115,0.200989836834673,0.200989836834673,0.0805818945533432,-0.0968740554881634,-0.0968740554881634,0.0235338867931668,-0.12040794228133,0.0618901249175018,-0.250602182552984,2.51899191349669,2.57298876923625,175,0.285
250,0.4,"1E_range_restriction","y_upper","sum",1000,0,0.149225783807277,0.048016904796886,0.218979812772314,0.200989836834673,0.200989836834673,0.260237796579739,-0.0517640530273965,-0.0517640530273965,-0.111012012772462,0.0592479597450653,-0.0541863848823704,0.247467842183809,2.51552030724827,2.56766463037705,175,0.437
250,0.6,"1A_score_construction","baseline_scores","factor",1000,0,0.209658354388299,0.0428871571117071,0.498047750847714,0.264322723681361,0.264322723681361,0.264322723681361,-0.054664369293062,-0.054664369293062,-0.054664369293062,0,-0.00478287546960729,0.00019433744550029,2.78640966350492,2.79131202374291,250,0.98
250,0.6,"1A_score_construction","baseline_scores","sum",1000,0,0.183263174715342,0.0372510601514183,0.498915741929657,0.264322723681361,0.264322723681361,0.264322723681361,-0.0810595489660188,-0.0810595489660188,-0.0810595489660188,0,-0.00427100548931632,-0.000199734881311485,2.49067461830314,2.49424555038332,250,0.981
250,0.6,"1B_reliability","loading_0.50","sum",1000,0,0.174979028542294,0.048451234591084,0.386342866627607,0.264322723681361,0.264322723681361,0.264322723681361,-0.0893436951390661,-0.0893436951390661,-0.0893436951390661,0,0.000169573480759296,-0.00221020823734104,2.6427160848598,2.6568236478073,250,0.852
250,0.6,"1B_reliability","loading_0.70","sum",1000,0,0.183221296934636,0.0373649803406146,0.496410163463463,0.264322723681361,0.264322723681361,0.264322723681361,-0.0811014267467249,-0.0811014267467249,-0.0811014267467249,0,-0.00473549414045389,0.00134596146947004,2.4960454353182,2.49178569124234,250,0.979
250,0.6,"1B_reliability","loading_0.85","sum",1000,0,0.163011047979798,0.0291135846464767,0.551093928698296,0.264322723681361,0.264322723681361,0.264322723681361,-0.101311675701563,-0.101311675701563,-0.101311675701563,0,-0.00363300296789445,0.00227484361488494,2.37900861464881,2.37658188839509,250,0.993
250,0.6,"1C_response_categories","n_cat_4","sum",1000,0,0.144656319417745,0.032228217693319,0.490678198980281,0.264322723681361,0.264322723681361,0.264322723681361,-0.119666404263615,-0.119666404263615,-0.119666404263615,0,-0.000694688144099529,0.00447562917408781,2.26968093872355,2.27135350787065,250,0.962
250,0.6,"1C_response_categories","n_cat_5","sum",1000,0,0.183689412808165,0.0386367282469436,0.498010623814354,0.264322723681361,0.264322723681361,0.264322723681361,-0.0806333108731956,-0.0806333108731956,-0.0806333108731956,0,-0.00308050368831426,0.00699002031305894,2.4930606378971,2.48909688962792,250,0.973
250,0.6,"1C_response_categories","n_cat_7","sum",1000,0,0.223992976552854,0.0506624245840564,0.503949210176985,0.264322723681361,0.264322723681361,0.264322723681361,-0.0403297471285063,-0.0403297471285063,-0.0403297471285063,0,-0.0110407713740834,0.00661941441914033,2.82029486729232,2.82890224017815,250,0.99
250,0.6,"1D_threshold_shift","lower_0.50","sum",1000,0,0.175882223877913,0.0434950203827028,0.495272326422707,0.264322723681361,0.264322723681361,0.264322723681361,-0.0884404998034479,-0.0884404998034479,-0.0884404998034479,0,-0.273251091146596,-0.269330264299683,2.56781458426196,2.55844896222126,250,0.958
250,0.6,"1D_threshold_shift","lower_0.70","sum",1000,0,0.167280989010609,0.0493884711824173,0.491947008375173,0.264322723681361,0.264322723681361,0.264322723681361,-0.0970417346707512,-0.0970417346707512,-0.0970417346707512,0,-0.390352587136477,-0.389995171165571,2.6392030418092,2.64268500235576,250,0.944
250,0.6,"1D_threshold_shift","lower_1.00","sum",1000,0,0.156041400987471,0.0570272194136361,0.483521966499399,0.264322723681361,0.264322723681361,0.264322723681361,-0.108281322693889,-0.108281322693889,-0.108281322693889,0,-0.600850509888355,-0.595012973086115,2.87151698158392,2.86627380264853,250,0.908
250,0.6,"1D_threshold_shift","upper_0.50","sum",1000,0,0.173990645952037,0.0443867034435812,0.495572070150232,0.264322723681361,0.264322723681361,0.264322723681361,-0.090332077729323,-0.090332077729323,-0.090332077729323,0,0.261390914021585,0.267929620341756,2.56043278016924,2.55194121826007,250,0.969
250,0.6,"1D_threshold_shift","upper_0.70","sum",1000,0,0.168147535723767,0.0501549292063169,0.491663175956676,0.264322723681361,0.264322723681361,0.264322723681361,-0.0961751879575937,-0.0961751879575937,-0.0961751879575937,0,0.386255281796682,0.393603938102297,2.63119015245868,2.64295366548594,250,0.951
250,0.6,"1D_threshold_shift","upper_1.00","sum",1000,0,0.15711099570288,0.0576957402725352,0.485245681786877,0.264322723681361,0.264322723681361,0.264322723681361,-0.107211727978481,-0.107211727978481,-0.107211727978481,0,0.601553037965061,0.597753862036743,2.87389570122845,2.86365165625528,250,0.898
250,0.6,"1E_range_restriction","x_lower","sum",1000,0,0.189130280426761,0.0504334080148338,0.346457033914312,0.264322723681361,0.264322723681361,0.320076471786125,-0.0751924432545997,-0.0751924432545997,-0.130946191359364,0.0557537481047643,-0.24743718039905,0.0597967691499233,2.57411632454818,2.55801633537389,175,0.776
250,0.6,"1E_range_restriction","x_upper","sum",1000,0,0.130533100988466,0.0447175256696484,0.344077626524619,0.264322723681361,0.264322723681361,0.120704784549442,-0.133789622692894,-0.133789622692894,0.00982831643902417,-0.143617939131919,0.246744131088668,-0.0626434362742991,2.57022936764644,2.55685251557794,175,0.595
250,0.6,"1E_range_restriction","y_lower","sum",1000,0,0.129609304193407,0.043342046990351,0.346620505052246,0.264322723681361,0.264322723681361,0.123690013280889,-0.134713419487953,-0.134713419487953,0.00591929091251841,-0.140632710400471,0.0553307508267733,-0.252782858826104,2.55547152237346,2.57161018586568,175,0.587
250,0.6,"1E_range_restriction","y_upper","sum",1000,0,0.192894829994248,0.0494527328602452,0.347884299332499,0.264322723681361,0.264322723681361,0.319050211287427,-0.0714278936871124,-0.0714278936871124,-0.126155381293179,0.0547274876060668,-0.0600807742709571,0.241915826141908,2.55636534327471,2.56698719166145,175,0.783
500,0.2,"1A_score_construction","baseline_scores","factor",1000,0,0.11156517902545,0.032283699197006,0.165576114146818,0.145289727317512,0.145289727317512,0.145289727317512,-0.0337245482920618,-0.0337245482920618,-0.0337245482920618,0,0.00173601968887194,-0.00128823313524384,2.81282470671772,2.8138871444569,500,0.356
500,0.2,"1A_score_construction","baseline_scores","sum",1000,0,0.085152665682616,0.0270440398845668,0.165376353111445,0.145289727317512,0.145289727317512,0.145289727317512,-0.0601370616348958,-0.0601370616348958,-0.0601370616348958,0,0.00135532819478258,0.000105792294020483,2.50778418339973,2.50545083929791,500,0.349
500,0.2,"1B_reliability","loading_0.50","sum",1000,0,0.106145000645793,0.0362549129715308,0.129623564748328,0.145289727317512,0.145289727317512,0.145289727317512,-0.0391447266717189,-0.0391447266717189,-0.0391447266717189,0,-0.000617378947142254,-0.000489866701737188,2.66706476188666,2.6780453808688,500,0.273
500,0.2,"1B_reliability","loading_0.70","sum",1000,0,0.0856840087336119,0.0269201355822644,0.165832856084709,0.145289727317512,0.145289727317512,0.145289727317512,-0.0596057185839,-0.0596057185839,-0.0596057185839,0,-0.00079684546849147,-0.00248433033667081,2.50102448726313,2.51086611308826,500,0.368
500,0.2,"1B_reliability","loading_0.85","sum",1000,0,0.0459570501207729,0.0200423586833549,0.183534798206845,0.145289727317512,0.145289727317512,0.145289727317512,-0.0993326771967389,-0.0993326771967389,-0.0993326771967389,0,0.00195817911591528,0.0023322764940552,2.38573011810448,2.39393449715461,500,0.392
500,0.2,"1C_response_categories","n_cat_4","sum",1000,0,0.0470893246187364,0.0198276910925931,0.162497845641009,0.145289727317512,0.145289727317512,0.145289727317512,-0.0982004026987755,-0.0982004026987755,-0.0982004026987755,0,0.00243506343414532,0.00208005895852749,2.28280966173902,2.2841865426768,500,0.314
500,0.2,"1C_response_categories","n_cat_5","sum",1000,0,0.0863781147343615,0.0269739108226748,0.16600821057318,0.145289727317512,0.145289727317512,0.145289727317512,-0.0589116125831504,-0.0589116125831504,-0.0589116125831504,0,-0.000218401834142908,0.000314342326914712,2.50927260777105,2.50881804318417,500,0.363
500,0.2,"1C_response_categories","n_cat_7","sum",1000,0,0.126374248649987,0.0388966180762155,0.16762943983845,0.145289727317512,0.145289727317512,0.145289727317512,-0.018915478667525,-0.018915478667525,-0.018915478667525,0,-0.00276212383280497,0.00289093330690294,2.84564064181014,2.84834718546741,500,0.375
500,0.2,"1D_threshold_shift","lower_0.50","sum",1000,0,0.0763476633296085,0.0310156681249184,0.164895915162104,0.145289727317512,0.145289727317512,0.145289727317512,-0.0689420639879034,-0.0689420639879034,-0.0689420639879034,0,-0.272583936406663,-0.27049986918221,2.57192218077615,2.57636957210692,500,0.344
500,0.2,"1D_threshold_shift","lower_0.70","sum",1000,0,0.0685941198696612,0.0339676479347504,0.161703342561809,0.145289727317512,0.145289727317512,0.145289727317512,-0.0766956074478506,-0.0766956074478506,-0.0766956074478506,0,-0.392053273477299,-0.399815864394485,2.64965001580385,2.6692332803411,500,0.294
500,0.2,"1D_threshold_shift","lower_1.00","sum",1000,0,0.0620895256534405,0.0370525752566453,0.158509090805679,0.145289727317512,0.145289727317512,0.145289727317512,-0.0832002016640714,-0.0832002016640714,-0.0832002016640714,0,-0.604568000854253,-0.610011319277054,2.89580185094377,2.90996366841573,500,0.244
500,0.2,"1D_threshold_shift","upper_0.50","sum",1000,0,0.0754478824806911,0.0312829082811553,0.163302026617008,0.145289727317512,0.145289727317512,0.145289727317512,-0.0698418448368208,-0.0698418448368208,-0.0698418448368208,0,0.271796866107446,0.27325141743364,2.57088032188047,2.58008294826336,500,0.322
500,0.2,"1D_threshold_shift","upper_0.70","sum",1000,0,0.0698465090465588,0.0338399643995475,0.163224554033519,0.145289727317512,0.145289727317512,0.145289727317512,-0.075443218270953,-0.075443218270953,-0.075443218270953,0,0.395687696179235,0.39416275657375,2.65654684365881,2.65638325484184,500,0.286
500,0.2,"1D_threshold_shift","upper_1.00","sum",1000,0,0.0612895882531189,0.0380629807038064,0.159447564339557,0.145289727317512,0.145289727317512,0.145289727317512,-0.0840001390643929,-0.0840001390643929,-0.0840001390643929,0,0.605965923893285,0.606901436539656,2.89205005400552,2.89791954945921,500,0.23
500,0.2,"1E_range_restriction","x_lower","sum",1000,0,0.100284030357358,0.0335675703753148,0.108753666685414,0.145289727317512,0.145289727317512,0.209169791207065,-0.0450056969601536,-0.0450056969601536,-0.108885760849707,0.0638800638895533,-0.253758348794461,0.031448973258827,2.5896567246983,2.51402314945777,350,0.245
500,0.2,"1E_range_restriction","x_upper","sum",1000,0,0.0798595507755607,0.0344851334787661,0.105053354378284,0.145289727317512,0.145289727317512,0.0449466318184345,-0.0654301765419512,-0.0654301765419512,0.0349129189571262,-0.100343095499077,0.247902146956408,-0.0330370428026236,2.58397646896225,2.51712438144871,350,0.124
500,0.2,"1E_range_restriction","y_lower","sum",1000,0,0.0802251830320489,0.0332887055625796,0.107645853051066,0.145289727317512,0.145289727317512,0.0475637965289065,-0.065064544285463,-0.065064544285463,0.0326613865031424,-0.0977259307886054,0.0353202651494603,-0.25102498275118,2.50628700549922,2.59297916295747,350,0.117
500,0.2,"1E_range_restriction","y_upper","sum",1000,0,0.0977226411722531,0.0330685638033213,0.104948910822793,0.145289727317512,0.145289727317512,0.206027417823685,-0.0475670861452588,-0.0475670861452588,-0.108304776651432,0.0607376905061736,-0.0326628035318061,0.252624628579639,2.51278512136403,2.59564835521459,350,0.223
500,0.4,"1A_score_construction","baseline_scores","factor",1000,0,0.145235856637698,0.0336254077848877,0.328720057007062,0.1944669993762,0.1944669993762,0.1944669993762,-0.0492311427385025,-0.0492311427385025,-0.0492311427385025,0,0.00474946527111034,5.31527882213316e-05,2.81443370719775,2.81680400982978,500,0.84
500,0.4,"1A_score_construction","baseline_scores","sum",1000,0,0.116724213827383,0.0290638989145355,0.328692704475268,0.1944669993762,0.1944669993762,0.1944669993762,-0.0777427855488168,-0.0777427855488168,-0.0777427855488168,0,0.00287795729513414,-6.02971785656518e-06,2.51014411956973,2.50999613453062,500,0.831
500,0.4,"1B_reliability","loading_0.50","sum",1000,0,0.133188768929913,0.0367960906977339,0.255652271756673,0.1944669993762,0.1944669993762,0.1944669993762,-0.0612782304462868,-0.0612782304462868,-0.0612782304462868,0,0.00242204985828375,0.00267692064156724,2.67400558845733,2.6667407850046,500,0.627
500,0.4,"1B_reliability","loading_0.70","sum",1000,0,0.118257522236301,0.0280278119133435,0.329066666465108,0.1944669993762,0.1944669993762,0.1944669993762,-0.0762094771398988,-0.0762094771398988,-0.0762094771398988,0,0.00125353784416123,-0.000376834450615736,2.50890017231741,2.50898736612299,500,0.85
500,0.4,"1B_reliability","loading_0.85","sum",1000,0,0.0778539402173913,0.0233346699065334,0.364254815443504,0.1944669993762,0.1944669993762,0.1944669993762,-0.116613059158809,-0.116613059158809,-0.116613059158809,0,0.00130012278530302,-0.000429193047366839,2.3912462222776,2.39308933148291,500,0.864
500,0.4,"1C_response_categories","n_cat_4","sum",1000,0,0.0739364560639071,0.0240385697929058,0.325752826669862,0.1944669993762,0.1944669993762,0.1944669993762,-0.120530543312293,-0.120530543312293,-0.120530543312293,0,-0.00123663772951209,-0.000196164518605354,2.28594241640425,2.28209456480295,500,0.785
500,0.4,"1C_response_categories","n_cat_5","sum",1000,0,0.11786245574934,0.0286138308873562,0.330132000729517,0.1944669993762,0.1944669993762,0.1944669993762,-0.0766045436268599,-0.0766045436268599,-0.0766045436268599,0,0.00343272019295556,-0.00289713454857762,2.50797996207264,2.50939739492214,500,0.83
500,0.4,"1C_response_categories","n_cat_7","sum",1000,0,0.163106833974298,0.0413967235502992,0.331418979637523,0.1944669993762,0.1944669993762,0.1944669993762,-0.0313601654019023,-0.0313601654019023,-0.0313601654019023,0,0.00295523482968027,0.00549935788111709,2.84975131617514,2.85015631387454,500,0.846
500,0.4,"1D_threshold_shift","lower_0.50","sum",1000,0,0.106946507080884,0.0343671231433738,0.325479121233601,0.1944669993762,0.1944669993762,0.1944669993762,-0.0875204922953164,-0.0875204922953164,-0.0875204922953164,0,-0.269504891939958,-0.27246759594235,2.57051645095194,2.57093105043673,500,0.761
500,0.4,"1D_threshold_shift","lower_0.70","sum",1000,0,0.100729056177306,0.0385210803373099,0.323971342875462,0.1944669993762,0.1944669993762,0.1944669993762,-0.0937379431988946,-0.0937379431988946,-0.0937379431988946,0,-0.395615242587334,-0.393846215657492,2.65879152136747,2.66272156594565,500,0.693
500,0.4,"1D_threshold_shift","lower_1.00","sum",1000,0,0.0926019674874091,0.042668665796582,0.319281501566148,0.1944669993762,0.1944669993762,0.1944669993762,-0.101865031888791,-0.101865031888791,-0.101865031888791,0,-0.600814283527641,-0.607733062644662,2.88483459502226,2.8991715955045,500,0.649
500,0.4,"1D_threshold_shift","upper_0.50","sum",1000,0,0.106629347048484,0.0339784148626221,0.326836982504566,0.1944669993762,0.1944669993762,0.1944669993762,-0.0878376523277166,-0.0878376523277166,-0.0878376523277166,0,0.272163747208433,0.275434382333816,2.58091074107484,2.58206802149916,500,0.749
500,0.4,"1D_threshold_shift","upper_0.70","sum",1000,0,0.102865969835401,0.039307200206234,0.324501193079441,0.1944669993762,0.1944669993762,0.1944669993762,-0.0916010295407993,-0.0916010295407993,-0.0916010295407993,0,0.392652638771239,0.393809657329385,2.65436750439472,2.65929094933014,500,0.698
500,0.4,"1D_threshold_shift","upper_1.00","sum",1000,0,0.0959934020112737,0.0445813642153624,0.318904715032986,0.1944669993762,0.1944669993762,0.1944669993762,-0.0984735973649265,-0.0984735973649265,-0.0984735973649265,0,0.609957742162911,0.609427181443699,2.90597567810723,2.91198291146998,500,0.653
500,0.4,"1E_range_restriction","x_lower","sum",1000,0,0.131946680802071,0.0363599707026609,0.218392283993359,0.1944669993762,0.1944669993762,0.25534631288838,-0.0625203185741293,-0.0625203185741293,-0.123399632086309,0.0608793135121798,-0.246145954368678,0.0609136048642669,2.59435368710168,2.53919246314428,350,0.556
500,0.4,"1E_range_restriction","x_upper","sum",1000,0,0.0923092315981243,0.0347918746329737,0.218775814936337,0.1944669993762,0.1944669993762,0.0722378356486145,-0.102157767778076,-0.102157767778076,0.0200713959495098,-0.122229163727586,0.250074222778701,-0.0595180054385837,2.58818394615191,2.54416840887105,350,0.314
500,0.4,"1E_range_restriction","y_lower","sum",1000,0,0.0917418131064141,0.0345576444192952,0.220309397182625,0.1944669993762,0.1944669993762,0.0675837511655277,-0.102725186269786,-0.102725186269786,0.0241580619408864,-0.126883248210672,0.0643165242132044,-0.2487432876589,2.53657683179946,2.59481054499503,350,0.321
500,0.4,"1E_range_restriction","y_upper","sum",1000,0,0.129783035851414,0.0377522052919906,0.218582397479937,0.1944669993762,0.1944669993762,0.259716808475403,-0.0646839635247861,-0.0646839635247861,-0.129933772623989,0.0652498090992031,-0.0581437141558317,0.250254545927075,2.53805351625388,2.59182052502276,350,0.552
500,0.6,"1A_score_construction","baseline_scores","factor",1000,0,0.192566391415747,0.0339477061579058,0.496593794425735,0.253896094668702,0.253896094668702,0.253896094668702,-0.0613297032529553,-0.0613297032529553,-0.0613297032529553,0,-0.000777797354032228,-0.00131322593160485,2.81011904325826,2.81597891238825,500,0.99
500,0.6,"1A_score_construction","baseline_scores","sum",1000,0,0.163035770554153,0.0292370008600398,0.496764229423386,0.253896094668702,0.253896094668702,0.253896094668702,-0.0908603241145491,-0.0908603241145491,-0.0908603241145491,0,0.000735930862211563,-0.00177903990036604,2.50278379289868,2.51193567874487,500,0.991
500,0.6,"1B_reliability","loading_0.50","sum",1000,0,0.161030296603718,0.0378047116989505,0.382674176570776,0.253896094668702,0.253896094668702,0.253896094668702,-0.0928657980649839,-0.0928657980649839,-0.0928657980649839,0,0.00127056813152901,0.00269807085632981,2.67834205144476,2.67214586121014,500,0.929
500,0.6,"1B_reliability","loading_0.70","sum",1000,0,0.162595157048073,0.0286901840010701,0.496989077131017,0.253896094668702,0.253896094668702,0.253896094668702,-0.0913009376206297,-0.0913009376206297,-0.0913009376206297,0,-0.00200840739726079,-0.000470973014935293,2.51015984344386,2.50687297267515,500,0.996
500,0.6,"1B_reliability","loading_0.85","sum",1000,0,0.130028683574879,0.0247582059593712,0.549476456304489,0.253896094668702,0.253896094668702,0.253896094668702,-0.123867411093823,-0.123867411093823,-0.123867411093823,0,0.00116562524086922,0.00161676372545736,2.39585221757902,2.39636640662385,500,0.995
500,0.6,"1C_response_categories","n_cat_4","sum",1000,0,0.112308641975309,0.0261095331487696,0.489500653836963,0.253896094668702,0.253896094668702,0.253896094668702,-0.141587452693394,-0.141587452693394,-0.141587452693394,0,0.00204185616447251,-0.000237555395955503,2.28578329593437,2.28452078141056,500,0.979
500,0.6,"1C_response_categories","n_cat_5","sum",1000,0,0.163455599823264,0.030086146283912,0.496708681195518,0.253896094668702,0.253896094668702,0.253896094668702,-0.0904404948454384,-0.0904404948454384,-0.0904404948454384,0,0.0030657510237401,1.03137574954424e-05,2.50989525094918,2.51027221851139,500,0.988
500,0.6,"1C_response_categories","n_cat_7","sum",1000,0,0.207550723122643,0.0426366955969235,0.500689376245828,0.253896094668702,0.253896094668702,0.253896094668702,-0.046345371546059,-0.046345371546059,-0.046345371546059,0,0.00406048643662954,0.000558132933518463,2.85032858857608,2.83749891059545,500,0.996
500,0.6,"1D_threshold_shift","lower_0.50","sum",1000,0,0.15359504344448,0.0351258069227872,0.493249263548798,0.253896094668702,0.253896094668702,0.253896094668702,-0.100301051224222,-0.100301051224222,-0.100301051224222,0,-0.269631507150862,-0.273273039147309,2.57598207731131,2.57924837430661,500,0.991
500,0.6,"1D_threshold_shift","lower_0.70","sum",1000,0,0.147753986559342,0.0427626434263544,0.489764518581986,0.253896094668702,0.253896094668702,0.253896094668702,-0.10614210810936,-0.10614210810936,-0.10614210810936,0,-0.39691025323126,-0.392260816311715,2.66456768011223,2.65712979337287,500,0.969
500,0.6,"1D_threshold_shift","lower_1.00","sum",1000,0,0.139351258620793,0.0491415158415701,0.481117161237451,0.253896094668702,0.253896094668702,0.253896094668702,-0.114544836047909,-0.114544836047909,-0.114544836047909,0,-0.608823923053025,-0.602718841890896,2.91011717445387,2.8857274197642,500,0.939
500,0.6,"1D_threshold_shift","upper_0.50","sum",1000,0,0.150960537838597,0.0356515534349923,0.492936932920624,0.253896094668702,0.253896094668702,0.253896094668702,-0.102935556830105,-0.102935556830105,-0.102935556830105,0,0.271747790196605,0.272108473702464,2.57712098260479,2.57795257670961,500,0.98
500,0.6,"1D_threshold_shift","upper_0.70","sum",1000,0,0.145228592270632,0.0407438523578388,0.489822802026413,0.253896094668702,0.253896094668702,0.253896094668702,-0.10866750239807,-0.10866750239807,-0.10866750239807,0,0.396789412110865,0.393344073577943,2.66528658356025,2.65591407974619,500,0.969
500,0.6,"1D_threshold_shift","upper_1.00","sum",1000,0,0.135550416430997,0.0492833984942484,0.48359911845482,0.253896094668702,0.253896094668702,0.253896094668702,-0.118345678237705,-0.118345678237705,-0.118345678237705,0,0.608107738970634,0.60323942980074,2.90378854251852,2.89375573863898,500,0.94
500,0.6,"1E_range_restriction","x_lower","sum",1000,0,0.169701086812386,0.040429264273113,0.345430630402171,0.253896094668702,0.253896094668702,0.314976995519978,-0.0841950078563163,-0.0841950078563163,-0.145275908707592,0.0610809008512755,-0.25401941134794,0.0604948422587836,2.59815474193607,2.57947459361561,350,0.863
500,0.6,"1E_range_restriction","x_upper","sum",1000,0,0.111938247910405,0.0364767853561928,0.344966479558273,0.253896094668702,0.253896094668702,0.105111947439583,-0.141957846758297,-0.141957846758297,0.00682630047082256,-0.14878414722912,0.255030359787348,-0.0614838246049495,2.59140981820906,2.57643071119583,350,0.616
500,0.6,"1E_range_restriction","y_lower","sum",1000,0,0.115860557877289,0.0353988779189787,0.344685568206098,0.253896094668702,0.253896094668702,0.110138661421886,-0.138035536791414,-0.138035536791414,0.00572189645540294,-0.143757433246817,0.0594325653347393,-0.250600741815839,2.5756092854139,2.58839446290168,350,0.676
500,0.6,"1E_range_restriction","y_upper","sum",1000,0,0.168089230648341,0.0403236240574733,0.342374367520108,0.253896094668702,0.253896094668702,0.309535492013033,-0.0858068640203613,-0.0858068640203613,-0.141446261364692,0.0556393973443304,-0.0575656612017697,0.247372371772068,2.5732583145439,2.58247194926843,350,0.858
1000,0.2,"1A_score_construction","baseline_scores","factor",1000,0,0.0934032577647462,0.0245291837579861,0.164950841307886,0.137219005217758,0.137219005217758,0.137219005217758,-0.0438157474530116,-0.0438157474530116,-0.0438157474530116,0,0.00164605414130256,0.00166170233442056,2.82549837724823,2.8279295995105,1000,0.438
1000,0.2,"1A_score_construction","baseline_scores","sum",1000,0,0.0678703722599339,0.0201088776329785,0.164641421050111,0.137219005217758,0.137219005217758,0.137219005217758,-0.0693486329578238,-0.0693486329578238,-0.0693486329578238,0,0.00137502446426028,0.00113320998307562,2.5149971687595,2.51783574467159,1000,0.423
1000,0.2,"1B_reliability","loading_0.50","sum",1000,0,0.0947283559892213,0.0302999530816519,0.127845877699525,0.137219005217758,0.137219005217758,0.137219005217758,-0.0424906492285364,-0.0424906492285364,-0.0424906492285364,0,0.00081395003925714,0.000898653967867723,2.68059069918221,2.67832603080527,1000,0.289
1000,0.2,"1B_reliability","loading_0.70","sum",1000,0,0.0682337890363942,0.0201519394751676,0.164719424342501,0.137219005217758,0.137219005217758,0.137219005217758,-0.0689852161813636,-0.0689852161813636,-0.0689852161813636,0,-0.000386850172711462,-0.000600478555317557,2.513124076469,2.51401491085841,1000,0.44
1000,0.2,"1B_reliability","loading_0.85","sum",1000,0,0.0285954861111111,0.0142259770102799,0.182511738831299,0.137219005217758,0.137219005217758,0.137219005217758,-0.108623519106647,-0.108623519106647,-0.108623519106647,0,0.00110353562124093,-0.00108317742362447,2.39747338962639,2.39809463753868,1000,0.429
1000,0.2,"1C_response_categories","n_cat_4","sum",1000,0,0.0290123456790123,0.0147131040184434,0.162441222067944,0.137219005217758,0.137219005217758,0.137219005217758,-0.108206659538745,-0.108206659538745,-0.108206659538745,0,0.00120026257122967,-0.000267853175794631,2.28985843302273,2.29117032783266,1000,0.343
1000,0.2,"1C_response_categories","n_cat_5","sum",1000,0,0.0675075999240992,0.0205177794522428,0.164604474542747,0.137219005217758,0.137219005217758,0.137219005217758,-0.0697114052936585,-0.0697114052936585,-0.0697114052936585,0,-0.000418448110171721,0.000258936456206486,2.51799946397772,2.51801981427612,1000,0.396
1000,0.2,"1C_response_categories","n_cat_7","sum",1000,0,0.113315845250647,0.0318955698136187,0.167211642524157,0.137219005217758,0.137219005217758,0.137219005217758,-0.0239031599671109,-0.0239031599671109,-0.0239031599671109,0,0.0029657851678127,0.00115738325099985,2.86000012514245,2.86080003704478,1000,0.421
1000,0.2,"1D_threshold_shift","lower_0.50","sum",1000,0,0.0607425065023718,0.0244986795029426,0.16376275964669,0.137219005217758,0.137219005217758,0.137219005217758,-0.0764764987153859,-0.0764764987153859,-0.0764764987153859,0,-0.274989206662132,-0.273624612011758,2.58694380511684,2.58448622832743,1000,0.38
1000,0.2,"1D_threshold_shift","lower_0.70","sum",1000,0,0.0589351894720487,0.0283141960772958,0.161734264879929,0.137219005217758,0.137219005217758,0.137219005217758,-0.078283815745709,-0.078283815745709,-0.078283815745709,0,-0.39716482984891,-0.39692957411187,2.66939922233513,2.67001222381702,1000,0.319
1000,0.2,"1D_threshold_shift","lower_1.00","sum",1000,0,0.0520934738400351,0.0301887673967548,0.15814854974981,0.137219005217758,0.137219005217758,0.137219005217758,-0.0851255313777227,-0.0851255313777227,-0.0851255313777227,0,-0.609552904065566,-0.610467105618834,2.91392656657197,2.91413051157068,1000,0.25
1000,0.2,"1D_threshold_shift","upper_0.50","sum",1000,0,0.0609563678824183,0.0246242814569035,0.164670554823536,0.137219005217758,0.137219005217758,0.137219005217758,-0.0762626373353394,-0.0762626373353394,-0.0762626373353394,0,0.275398314173735,0.27592430003083,2.58912670300626,2.58695636220068,1000,0.365
1000,0.2,"1D_threshold_shift","upper_0.70","sum",1000,0,0.0576550285528645,0.0275453628448373,0.162069465286602,0.137219005217758,0.137219005217758,0.137219005217758,-0.0795639766648932,-0.0795639766648932,-0.0795639766648932,0,0.399457080977438,0.400022458465497,2.67083728907847,2.67829798099807,1000,0.308
1000,0.2,"1D_threshold_shift","upper_1.00","sum",1000,0,0.0524662785704957,0.0317295012083159,0.158396380747901,0.137219005217758,0.137219005217758,0.137219005217758,-0.084752726647262,-0.084752726647262,-0.084752726647262,0,0.61012745991126,0.610151607995525,2.91248371141701,2.91498901862972,1000,0.269
1000,0.2,"1E_range_restriction","x_lower","sum",1000,0,0.0795317444843087,0.025681599529174,0.106512167260281,0.137219005217758,0.137219005217758,0.20268095979426,-0.057687260733449,-0.057687260733449,-0.123149215309951,0.0654619545765019,-0.256089000146922,0.0346476575247299,2.59945545355999,2.52325796117913,700,0.283
1000,0.2,"1E_range_restriction","x_upper","sum",1000,0,0.0688694778602758,0.0282277594512124,0.108331978304289,0.137219005217758,0.137219005217758,0.0384007955938565,-0.068349527357482,-0.068349527357482,0.0304686822664192,-0.0988182096239012,0.254152047804198,-0.0355364725495595,2.59723883738029,2.52275026963641,700,0.114
1000,0.2,"1E_range_restriction","y_lower","sum",1000,0,0.0698316625644202,0.0305073945515064,0.106722598362391,0.137219005217758,0.137219005217758,0.0377924349510521,-0.0673873426533376,-0.0673873426533376,0.0320392276133681,-0.0994265702667056,0.0315454622867758,-0.251604315654411,2.51934500766881,2.604460195141,700,0.136
1000,0.2,"1E_range_restriction","y_upper","sum",1000,0,0.0801072405354787,0.0255787863439861,0.10728470546697,0.137219005217758,0.137219005217758,0.202498625719116,-0.0571117646822791,-0.0571117646822791,-0.122391385183637,0.0652796205013582,-0.0335349548518983,0.253940513242672,2.51962945704859,2.60426321223438,700,0.276
1000,0.4,"1A_score_construction","baseline_scores","factor",1000,0,0.128367794472228,0.0257688205226111,0.331466129751486,0.18645783557173,0.18645783557173,0.18645783557173,-0.058090041099502,-0.058090041099502,-0.058090041099502,0,-0.000904627937304673,-0.000493686587049839,2.82199011697296,2.82498494425985,1000,0.89
1000,0.4,"1A_score_construction","baseline_scores","sum",1000,0,0.0988153671640793,0.02246849164541,0.331099484071218,0.18645783557173,0.18645783557173,0.18645783557173,-0.0876424684076506,-0.0876424684076506,-0.0876424684076506,0,-0.00128793144530682,-0.000301498899327178,2.51337562928258,2.51432422507311,1000,0.886
1000,0.4,"1B_reliability","loading_0.50","sum",1000,0,0.120760074809963,0.030940835488207,0.255201455811853,0.18645783557173,0.18645783557173,0.18645783557173,-0.0656977607617667,-0.0656977607617667,-0.0656977607617667,0,-0.00112418567306288,-0.00120393839638129,2.68192071897296,2.67846860459821,1000,0.724
1000,0.4,"1B_reliability","loading_0.70","sum",1000,0,0.097155372546352,0.0229151455653869,0.330345323541295,0.18645783557173,0.18645783557173,0.18645783557173,-0.0893024630253779,-0.0893024630253779,-0.0893024630253779,0,-0.00138989650737483,0.000168513493581284,2.51844172418476,2.51423942524344,1000,0.876
1000,0.4,"1B_reliability","loading_0.85","sum",1000,0,0.0553940972222222,0.0182865578299066,0.366680308864921,0.18645783557173,0.18645783557173,0.18645783557173,-0.131063738349508,-0.131063738349508,-0.131063738349508,0,-0.000851367912226372,-0.000635101648560286,2.4008458010282,2.39620551346972,1000,0.901
1000,0.4,"1C_response_categories","n_cat_4","sum",1000,0,0.051070987654321,0.0176942744987935,0.326709268338515,0.18645783557173,0.18645783557173,0.18645783557173,-0.135386847917409,-0.135386847917409,-0.135386847917409,0,0.000566087253637252,0.000172478155652106,2.29045923379676,2.28945643124026,1000,0.836
1000,0.4,"1C_response_categories","n_cat_5","sum",1000,0,0.0978960681364687,0.0209428278815125,0.330462613367053,0.18645783557173,0.18645783557173,0.18645783557173,-0.0885617674352612,-0.0885617674352612,-0.0885617674352612,0,-0.000775010253678462,-0.000221149165948462,2.51097004018643,2.51559420154848,1000,0.895
1000,0.4,"1C_response_categories","n_cat_7","sum",1000,0,0.151654634478273,0.0340244801655935,0.334589487745095,0.18645783557173,0.18645783557173,0.18645783557173,-0.0348032010934566,-0.0348032010934566,-0.0348032010934566,0,0.000288332713588999,-0.00209887745461975,2.86070598273918,2.85590313915645,1000,0.92
1000,0.4,"1D_threshold_shift","lower_0.50","sum",1000,0,0.0909763441773609,0.0258938739391812,0.328926441049057,0.18645783557173,0.18645783557173,0.18645783557173,-0.095481491394369,-0.095481491394369,-0.095481491394369,0,-0.274321830605359,-0.274348761466008,2.58349448561681,2.58548914759214,1000,0.838
1000,0.4,"1D_threshold_shift","lower_0.70","sum",1000,0,0.0884271976499177,0.0313759544937197,0.326860321287917,0.18645783557173,0.18645783557173,0.18645783557173,-0.0980306379218122,-0.0980306379218122,-0.0980306379218122,0,-0.396365156328979,-0.396020698499299,2.67072041322153,2.66919560981558,1000,0.793
1000,0.4,"1D_threshold_shift","lower_1.00","sum",1000,0,0.0816222934993318,0.0354239619159025,0.320427141863492,0.18645783557173,0.18645783557173,0.18645783557173,-0.104835542072398,-0.104835542072398,-0.104835542072398,0,-0.611564512870945,-0.611807154832089,2.91593029503667,2.91548271918667,1000,0.685
1000,0.4,"1D_threshold_shift","upper_0.50","sum",1000,0,0.0910036022301366,0.0277404702537318,0.32986230453581,0.18645783557173,0.18645783557173,0.18645783557173,-0.0954542333415934,-0.0954542333415934,-0.0954542333415934,0,0.274640787556041,0.273122865528233,2.58670937996929,2.57797589780498,1000,0.84
1000,0.4,"1D_threshold_shift","upper_0.70","sum",1000,0,0.0883483894220525,0.0325258852113988,0.326667454043842,0.18645783557173,0.18645783557173,0.18645783557173,-0.0981094461496774,-0.0981094461496774,-0.0981094461496774,0,0.39856158736367,0.396966116001163,2.6709140043436,2.66763178668171,1000,0.796
1000,0.4,"1D_threshold_shift","upper_1.00","sum",1000,0,0.0828145903976495,0.0367614860904726,0.320192586691195,0.18645783557173,0.18645783557173,0.18645783557173,-0.10364324517408,-0.10364324517408,-0.10364324517408,0,0.609498316720914,0.609572891147092,2.9089289849218,2.91177782256183,1000,0.698
1000,0.4,"1E_range_restriction","x_lower","sum",1000,0,0.109838956834612,0.0286058471715274,0.220576178222778,0.18645783557173,0.18645783557173,0.251927114600985,-0.076618878737118,-0.076618878737118,-0.142088157766373,0.0654692790292549,-0.255185179249981,0.0631442253328223,2.60211200766944,2.54761876342095,700,0.632
1000,0.4,"1E_range_restriction","x_upper","sum",1000,0,0.0782864163418991,0.0283745047227362,0.219534047104557,0.18645783557173,0.18645783557173,0.0600311217629028,-0.108171419229831,-0.108171419229831,0.0182552945789962,-0.126426713808827,0.252427754382904,-0.0591127875527645,2.60178791282939,2.54678292608285,700,0.328
1000,0.4,"1E_range_restriction","y_lower","sum",1000,0,0.0786056137313465,0.0283967992499042,0.220277338489032,0.18645783557173,0.18645783557173,0.0603403866799261,-0.107852221840383,-0.107852221840383,0.0182652270514204,-0.126117448891804,0.0592410341702993,-0.253310798374954,2.54846525615566,2.60322010195191,700,0.296
1000,0.4,"1E_range_restriction","y_upper","sum",1000,0,0.11004596452963,0.0277974609060452,0.220352217148811,0.18645783557173,0.18645783557173,0.253696776273656,-0.0764118710421,-0.0764118710421,-0.143650811744026,0.0672389407019258,-0.0621716813259834,0.25316054591038,2.55011082856952,2.59531019902558,700,0.64
1000,0.6,"1A_score_construction","baseline_scores","factor",1000,0,0.173661388102478,0.0252312529501681,0.49735631313356,0.248445240765941,0.248445240765941,0.248445240765941,-0.0747838526634632,-0.0747838526634632,-0.0747838526634632,0,-0.00251394102218385,-0.00118030621647022,2.82794746345355,2.82014139622084,1000,0.996
1000,0.6,"1A_score_construction","baseline_scores","sum",1000,0,0.142344366097172,0.0228995100187991,0.497073519511868,0.248445240765941,0.248445240765941,0.248445240765941,-0.106100874668769,-0.106100874668769,-0.106100874668769,0,-0.00286932537873114,-0.00194301951834692,2.51591079503169,2.51153186993466,1000,0.996
1000,0.6,"1B_reliability","loading_0.50","sum",1000,0,0.150812689912561,0.034263543851391,0.384808427513172,0.248445240765941,0.248445240765941,0.248445240765941,-0.0976325508533804,-0.0976325508533804,-0.0976325508533804,0,-0.00171394927871718,0.00385772544785888,2.67723286044454,2.67346289920208,1000,0.958
1000,0.6,"1B_reliability","loading_0.70","sum",1000,0,0.139298645421607,0.0230054388392408,0.496569154781084,0.248445240765941,0.248445240765941,0.248445240765941,-0.109146595344334,-0.109146595344334,-0.109146595344334,0,-0.000630483479239235,0.00224078358008516,2.51615188784283,2.51388384944539,1000,0.998
1000,0.6,"1B_reliability","loading_0.85","sum",1000,0,0.10221875,0.0208903953716697,0.551178293531078,0.248445240765941,0.248445240765941,0.248445240765941,-0.146226490765941,-0.146226490765941,-0.146226490765941,0,-2.03269172000773e-05,0.00163565932736629,2.39530198058585,2.3964802880573,1000,0.998
1000,0.6,"1C_response_categories","n_cat_4","sum",1000,0,0.0874104938271605,0.0198558635873632,0.490591871270215,0.248445240765941,0.248445240765941,0.248445240765941,-0.161034746938781,-0.161034746938781,-0.161034746938781,0,-0.000708345560314694,0.00136801236349233,2.28680983281362,2.28768940100331,1000,0.987
1000,0.6,"1C_response_categories","n_cat_5","sum",1000,0,0.140785101129442,0.0220491907204842,0.497215658245767,0.248445240765941,0.248445240765941,0.248445240765941,-0.1076601396365,-0.1076601396365,-0.1076601396365,0,-0.000922458419294545,0.00285467123642283,2.51460584200881,2.51255973849078,1000,0.999
1000,0.6,"1C_response_categories","n_cat_7","sum",1000,0,0.197651843098498,0.0366670739671586,0.501832786787328,0.248445240765941,0.248445240765941,0.248445240765941,-0.0507933976674433,-0.0507933976674433,-0.0507933976674433,0,-0.000917632875736059,0.00213897915569337,2.8601081426475,2.85164606380496,1000,0.999
1000,0.6,"1D_threshold_shift","lower_0.50","sum",1000,0,0.132468330560064,0.0290708771716532,0.493197782466084,0.248445240765941,0.248445240765941,0.248445240765941,-0.115976910205877,-0.115976910205877,-0.115976910205877,0,-0.275077212378348,-0.271592003663412,2.58722983376798,2.57582677270085,1000,0.991
1000,0.6,"1D_threshold_shift","lower_0.70","sum",1000,0,0.12919062920099,0.0344018616691123,0.491911450246701,0.248445240765941,0.248445240765941,0.248445240765941,-0.119254611564951,-0.119254611564951,-0.119254611564951,0,-0.398742746796993,-0.396604242443302,2.66730347061012,2.66410139268705,1000,0.975
1000,0.6,"1D_threshold_shift","lower_1.00","sum",1000,0,0.123264440992456,0.0420445688788727,0.483917974921593,0.248445240765941,0.248445240765941,0.248445240765941,-0.125180799773486,-0.125180799773486,-0.125180799773486,0,-0.610182455706326,-0.606732124611673,2.915428742172,2.89773859335245,1000,0.96
1000,0.6,"1D_threshold_shift","upper_0.50","sum",1000,0,0.134932548096734,0.0305087280629693,0.495081330673114,0.248445240765941,0.248445240765941,0.248445240765941,-0.113512692669207,-0.113512692669207,-0.113512692669207,0,0.270946004095231,0.274271977803291,2.58179512466439,2.58089877321502,1000,0.993
1000,0.6,"1D_threshold_shift","upper_0.70","sum",1000,0,0.130428518172134,0.0343643592367735,0.491405440936867,0.248445240765941,0.248445240765941,0.248445240765941,-0.118016722593807,-0.118016722593807,-0.118016722593807,0,0.395649712354781,0.401257908958637,2.66647464383033,2.6712346812323,1000,0.991
1000,0.6,"1D_threshold_shift","upper_1.00","sum",1000,0,0.123987763780081,0.0423588951644432,0.485154421994695,0.248445240765941,0.248445240765941,0.248445240765941,-0.124457476985861,-0.124457476985861,-0.124457476985861,0,0.610531923312359,0.610363533360684,2.91385703784268,2.91301358470398,1000,0.966
1000,0.6,"1E_range_restriction","x_lower","sum",1000,0,0.150029253562947,0.0313047111116437,0.346997334234456,0.248445240765941,0.248445240765941,0.309719543066993,-0.0984159872029949,-0.0984159872029949,-0.159690289504046,0.0612743023010512,-0.250963231745871,0.0607214188210959,2.59594861633125,2.57909113140114,700,0.942
1000,0.6,"1E_range_restriction","x_upper","sum",1000,0,0.0997110257050373,0.0306044223430869,0.346388627503344,0.248445240765941,0.248445240765941,0.0983295016241767,-0.148734215060904,-0.148734215060904,0.00138152408086061,-0.150115739141765,0.253749157190485,-0.0605995855307755,2.60271543428883,2.5819424019935,700,0.705
1000,0.6,"1E_range_restriction","y_lower","sum",1000,0,0.101271149545792,0.029731268340958,0.344901193548154,0.248445240765941,0.248445240765941,0.0994300061199122,-0.147174091220149,-0.147174091220149,0.00184114342588025,-0.149015234646029,0.0591979316279703,-0.250286476185401,2.58707016718447,2.59453143579302,700,0.706
1000,0.6,"1E_range_restriction","y_upper","sum",1000,0,0.14947808260346,0.0307856760429997,0.347231620663453,0.248445240765941,0.248445240765941,0.307876602036732,-0.0989671581624818,-0.0989671581624818,-0.158398519433272,0.0594313612707901,-0.0602164910351236,0.251102595912735,2.58184814689866,2.59915382158363,700,0.922
