"block","condition_label","score_type","n_input","beta","n_replications","mean_effect_size","sd_effect_size","mean_correlation","mean_latent_effect_base_full","mean_latent_effect_condition_full","mean_latent_effect_condition_selected","mean_delta_from_base_full","mean_delta_from_condition_full","mean_delta_from_condition_selected","mean_selection_effect_on_latent_d","mean_x_mean_obs","mean_y_mean_obs","mean_x_sd_obs","mean_y_sd_obs","mean_x_skew_obs","mean_y_skew_obs","mean_x_kurtosis_obs","mean_y_kurtosis_obs","mean_n_used","prop_significant"
"1A_score_construction","baseline_scores","factor",250,0.2,1000,0.124877556158104,0.0423303070968124,0.162212773259898,0.149465401313276,0.149465401313276,0.149465401313276,-0.0245878451551719,-0.0245878451551719,-0.0245878451551719,0,1.19000226783997e-05,7.9569639455047e-05,0.908420137511588,0.908661604916496,0.00137409207787478,0.00423708181154342,2.78795125412047,2.80087870475824,250,0
"1A_score_construction","baseline_scores","sum",250,0.2,1000,0.101238367313437,0.035465573177569,0.162519247034629,0.149465401313276,0.149465401313276,0.149465401313276,-0.0486382576479691,-0.0486382576479691,-0.0486382576479691,0,17.997476,17.996928,4.77978533304293,4.78272654363163,0.000779685519303145,0.00410992796813766,2.49206546056315,2.49780499189962,250,0
"1B_reliability","loading_0.50","sum",250,0.2,1000,0.114581643209971,0.0409011512825177,0.123551788263842,0.149465401313276,0.149465401313276,0.149465401313276,-0.0348127231032377,-0.0348127231032377,-0.0348127231032377,0,17.989268,17.996832,3.88218119301861,3.88536270122198,0.00254787802228738,0.0023603588818786,2.64870867452026,2.6627140443602,250,0
"1B_reliability","loading_0.70","sum",250,0.2,1000,0.102786676609362,0.0353898111505355,0.159550790297386,0.149465401313276,0.149465401313276,0.149465401313276,-0.0467180625354507,-0.0467180625354507,-0.0467180625354507,0,17.997212,17.997172,4.78382796507501,4.77745650885702,7.32453420297241e-05,0.00189783748909044,2.49745922464352,2.49688634472529,250,0
"1B_reliability","loading_0.85","sum",250,0.2,1000,0.0696921691900662,0.0266583475462128,0.179322347013701,0.149465401313276,0.149465401313276,0.149465401313276,-0.0800571502994489,-0.0800571502994489,-0.0800571502994489,0,18.001544,18.001828,5.52492055753699,5.52074702957102,-0.00200384146403631,0.000367585892399628,2.37925757321992,2.3806664653737,250,0
"1C_response_categories","n_cat_4","sum",250,0.2,1000,0.0699841135809603,0.0278864254399166,0.15820762606107,0.149465401313276,0.149465401313276,0.149465401313276,-0.0803056170538616,-0.0803056170538616,-0.0803056170538616,0,14.996816,14.99824,4.18332414004741,4.17892242991813,0.00131611113413086,0.00181435221362286,2.27306862411085,2.27921422402449,250,0
"1C_response_categories","n_cat_5","sum",250,0.2,1000,0.102181138608337,0.0351988687574398,0.163874932513711,0.149465401313276,0.149465401313276,0.149465401313276,-0.04792471542656,-0.04792471542656,-0.04792471542656,0,18.001108,18.00528,4.78441157808786,4.77775943839035,0.000500548732699212,0.00454061313776465,2.49571450493613,2.492145125424,250,0
"1C_response_categories","n_cat_7","sum",250,0.2,1000,0.134021968855731,0.0465847751907325,0.165139415281328,0.149465401313276,0.149465401313276,0.149465401313276,-0.015574091686615,-0.015574091686615,-0.015574091686615,0,23.998584,23.991192,5.26051188846097,5.25748406034903,0.00451261811263529,0.00067399289837592,2.83108390462649,2.8300935916728,250,0
"1D_threshold_shift","lower_0.50","sum",250,0.2,1000,0.0893589613058677,0.038212000755492,0.160192126007386,0.149465401313276,0.149465401313276,0.149465401313276,-0.060672688446164,-0.060672688446164,-0.060672688446164,0,21.06806,21.069744,4.62650145143379,4.62423675847421,-0.265016235759348,-0.269266203866311,2.54768673869844,2.56344278138262,250,0
"1D_threshold_shift","lower_0.70","sum",250,0.2,1000,0.084733215043305,0.0391184860425718,0.159691630483074,0.149465401313276,0.149465401313276,0.149465401313276,-0.0649697940656222,-0.0649697940656222,-0.0649697940656222,0,22.247124,22.243216,4.47194877322014,4.47312487733793,-0.391835726235517,-0.390554702361767,2.64533500037287,2.6405922950776,250,0
"1D_threshold_shift","lower_1.00","sum",250,0.2,1000,0.0747260122248368,0.0435294522978442,0.154732864825821,0.149465401313276,0.149465401313276,0.149465401313276,-0.0756860095574245,-0.0756860095574245,-0.0756860095574245,0,23.908148,23.905764,4.14756270197752,4.15302850185563,-0.599626034258581,-0.596353049499952,2.87049380101431,2.85735632449635,250,0
"1D_threshold_shift","upper_0.50","sum",250,0.2,1000,0.0914704983864092,0.0376165769982978,0.159527976859959,0.149465401313276,0.149465401313276,0.149465401313276,-0.058131642060249,-0.058131642060249,-0.058131642060249,0,14.933588,14.933408,4.6285830520864,4.6248597582903,0.267360315449614,0.268418713228256,2.56005647992576,2.56855380665024,250,0
"1D_threshold_shift","upper_0.70","sum",250,0.2,1000,0.084632552705246,0.0415750872338014,0.159866101750372,0.149465401313276,0.149465401313276,0.149465401313276,-0.0653947543901207,-0.0653947543901207,-0.0653947543901207,0,13.757836,13.754064,4.47585126773852,4.47053599399003,0.39001794850335,0.390666935452656,2.64360644065522,2.64319495371053,250,0
"1D_threshold_shift","upper_1.00","sum",250,0.2,1000,0.075485922715543,0.0429912653152071,0.157502168388145,0.149465401313276,0.149465401313276,0.149465401313276,-0.0750792855726367,-0.0750792855726367,-0.0750792855726367,0,12.091384,12.091992,4.1488321931353,4.15577050115487,0.600659835620365,0.599177090407077,2.8802877123296,2.86940816892891,250,0
"1E_range_restriction","x_lower","sum",250,0.2,1000,0.116950824238081,0.0453323265808067,0.106675047317001,0.149465401313276,0.149465401313276,0.21092303755085,-0.0325386963725597,-0.0325386963725597,-0.0940132464878942,0.0614576362375741,15.8165314285714,17.5708171428571,3.64824796067987,4.7453697665793,-0.246104093094585,0.034626199228125,2.5665804278491,2.48911785837066,175,0
"1E_range_restriction","x_upper","sum",250,0.2,1000,0.0905623627907766,0.0398918710504625,0.102602031748578,0.149465401313276,0.149465401313276,0.0558602844346539,-0.0590500447599952,-0.0590500447599952,0.0345864208408978,-0.0935762057127134,20.20344,18.42956,3.64126496970667,4.73948705003722,0.238612998459685,-0.0368844211220906,2.56988152432643,2.49568823735815,175,0
"1E_range_restriction","y_lower","sum",250,0.2,1000,0.0914304615926945,0.0400688087743083,0.10475882934974,0.149465401313276,0.149465401313276,0.0549797198088288,-0.0581184505689592,-0.0581184505689592,0.0363900444463813,-0.0946447905929286,17.5716914285714,15.8048057142857,4.74284933764674,3.63885440110389,0.0352355882471551,-0.242939979569784,2.48921355241719,2.58163386145322,175,0
"1E_range_restriction","y_upper","sum",250,0.2,1000,0.11695554913637,0.0421915659376945,0.104577541498058,0.149465401313276,0.149465401313276,0.210456776788714,-0.0327427172087394,-0.0327427172087394,-0.0937977257619965,0.0609913754754379,18.42364,20.1923771428571,4.73756926986898,3.63280495686253,-0.0321626742561041,0.244627603395568,2.4955580345917,2.57298435627047,175,0
"1A_score_construction","baseline_scores","factor",250,0.4,1000,0.162562691600389,0.0421523348157249,0.330496115320417,0.200503260908986,0.200503260908986,0.200503260908986,-0.037968342976355,-0.037968342976355,-0.037968342976355,0,3.13417964742563e-05,5.80834798731782e-05,0.908632070544558,0.908516879878233,0.00116751500917734,0.00464245454074281,2.80204343516272,2.79792120983302,250,0
"1A_score_construction","baseline_scores","sum",250,0.4,1000,0.136500659277655,0.0369672777366835,0.330961948449922,0.200503260908986,0.200503260908986,0.200503260908986,-0.0640303752990898,-0.0640303752990898,-0.0640303752990898,0,17.997872,17.996512,4.77607139163801,4.78445267524178,0.00289766245274899,0.00494359566851818,2.5017317424092,2.497815632776,250,0
"1B_reliability","loading_0.50","sum",250,0.4,1000,0.141076005031828,0.0464524356313389,0.255328539058617,0.200503260908986,0.200503260908986,0.200503260908986,-0.0594672799636177,-0.0594672799636177,-0.0594672799636177,0,18.002164,18.00422,3.88324680484754,3.88974704391444,0.00310831975377814,0.000902513104203873,2.65632171644212,2.65015783675948,250,0
"1B_reliability","loading_0.70","sum",250,0.4,1000,0.137825364065574,0.0378041965523242,0.330527800402963,0.200503260908986,0.200503260908986,0.200503260908986,-0.0626778968434115,-0.0626778968434115,-0.0626778968434115,0,17.993112,17.99842,4.78260479210051,4.7870505120636,-0.000121342330881398,0.000968357970508851,2.49733382767111,2.49573763973609,250,0
"1B_reliability","loading_0.85","sum",250,0.4,1000,0.109388888888889,0.0292166731039019,0.365691581048826,0.200503260908986,0.200503260908986,0.200503260908986,-0.0911143720200969,-0.0911143720200969,-0.0911143720200969,0,18.000572,17.996808,5.52369492792201,5.52505204714483,0.00248931108258306,0.00389541819033313,2.38097670375641,2.37702558913172,250,0
"1C_response_categories","n_cat_4","sum",250,0.4,1000,0.102200156126869,0.03037329715674,0.327253046066669,0.200503260908986,0.200503260908986,0.200503260908986,-0.0984821560052296,-0.0984821560052296,-0.0984821560052296,0,14.999736,14.9934,4.18345091405145,4.18196813540808,0.000257425064639717,0.00411290752414976,2.27663994951537,2.2731155675415,250,0
"1C_response_categories","n_cat_5","sum",250,0.4,1000,0.137441475500625,0.0374591788166318,0.331066475277808,0.200503260908986,0.200503260908986,0.200503260908986,-0.0630617854083612,-0.0630617854083612,-0.0630617854083612,0,17.998216,17.9954,4.7816130007051,4.78728532174143,0.00485094424506101,0.00372558030686219,2.49089435618609,2.49087580094304,250,0
"1C_response_categories","n_cat_7","sum",250,0.4,1000,0.173049894912784,0.0489652677795361,0.334989849119955,0.200503260908986,0.200503260908986,0.200503260908986,-0.0274533659962017,-0.0274533659962017,-0.0274533659962017,0,23.999944,23.998116,5.26873940798389,5.25932245660264,0.00141679251137171,0.000905758789390627,2.82783986638323,2.83034179914457,250,0
"1D_threshold_shift","lower_0.50","sum",250,0.4,1000,0.125893028227437,0.0429544750033094,0.327330027920004,0.200503260908986,0.200503260908986,0.200503260908986,-0.0749510657441724,-0.0749510657441724,-0.0749510657441724,0,21.074572,21.076624,4.62181046529877,4.62442807692656,-0.26223748683042,-0.270775139728534,2.54702740713099,2.56437386096464,250,0
"1D_threshold_shift","lower_0.70","sum",250,0.4,1000,0.117926654274036,0.0445679684080133,0.324498452491756,0.200503260908986,0.200503260908986,0.200503260908986,-0.0825766066349496,-0.0825766066349496,-0.0825766066349496,0,22.240156,22.236956,4.46897604056071,4.47493104043571,-0.381606295192345,-0.385901143503451,2.62729310587093,2.63746982904603,250,0
"1D_threshold_shift","lower_1.00","sum",250,0.4,1000,0.108616103564769,0.0507839667423856,0.318672998993385,0.200503260908986,0.200503260908986,0.200503260908986,-0.0919509051322046,-0.0919509051322046,-0.0919509051322046,0,23.903596,23.907488,4.15289113918012,4.15132974808108,-0.592767233955985,-0.597919553359349,2.85606835254061,2.8698644625778,250,0
"1D_threshold_shift","upper_0.50","sum",250,0.4,1000,0.128489208606308,0.0433095266354755,0.329257875836413,0.200503260908986,0.200503260908986,0.200503260908986,-0.072014052302678,-0.072014052302678,-0.072014052302678,0,14.935112,14.931572,4.62691556644964,4.63025888005701,0.26532400012402,0.271181897708892,2.55251950940071,2.56351346120554,250,0
"1D_threshold_shift","upper_0.70","sum",250,0.4,1000,0.119683263162588,0.0463267599350654,0.32508701569185,0.200503260908986,0.200503260908986,0.200503260908986,-0.0809266772153943,-0.0809266772153943,-0.0809266772153943,0,13.753156,13.75042,4.47171436903839,4.47622198189016,0.389650036661313,0.391117752466564,2.63837565078439,2.63880909244165,250,0
"1D_threshold_shift","upper_1.00","sum",250,0.4,1000,0.109211894762651,0.0516970709116567,0.319602041732638,0.200503260908986,0.200503260908986,0.200503260908986,-0.0916946233539907,-0.0916946233539907,-0.0916946233539907,0,12.089436,12.099744,4.15865150586852,4.15036078214287,0.599861266124037,0.596541787640456,2.86784107958425,2.86426219979244,250,0
"1E_range_restriction","x_lower","sum",250,0.4,1000,0.152585878545334,0.0474372140009787,0.220424619113938,0.200503260908986,0.200503260908986,0.26097015168231,-0.0480833529199958,-0.0480833529199958,-0.108633534826216,0.0604391171055653,15.8046914285714,17.1324,3.64366825513587,4.62878401357444,-0.237885748226663,0.0633068594966757,2.55803955820972,2.52906002162739,175,0
"1E_range_restriction","x_upper","sum",250,0.4,1000,0.106094516156048,0.0444340563430433,0.220443913525797,0.200503260908986,0.200503260908986,0.0810506610873633,-0.094513532824035,-0.094513532824035,0.0248224443076578,-0.119452599821622,20.1910628571429,18.8585942857143,3.64178587349507,4.62775565778995,0.240107643463067,-0.0588328464720364,2.58007509337351,2.52310502748781,175,0
"1E_range_restriction","y_lower","sum",250,0.4,1000,0.105465335810873,0.0421461533186157,0.219929173393302,0.200503260908986,0.200503260908986,0.0804519762305285,-0.0950914355922788,-0.0950914355922788,0.0249639150643356,-0.120036102851966,17.1411142857143,15.8104171428571,4.63400855207036,3.63536235816335,0.0662803322481658,-0.242665162412529,2.52185775064303,2.56422756616953,175,0
"1E_range_restriction","y_upper","sum",250,0.4,1000,0.152144304604204,0.0475988070738719,0.217806705158022,0.200503260908986,0.200503260908986,0.260034205970929,-0.0484230135004069,-0.0484230135004069,-0.1079840745557,0.0595309450619435,18.8721771428571,20.1921142857143,4.63396497632428,3.64240086441556,-0.065118219915757,0.252333457331102,2.52724956199028,2.56389938024728,175,0
"1A_score_construction","baseline_scores","factor",250,0.6,1000,0.210099224406998,0.0440909667209743,0.49736544108058,0.26405798839173,0.26405798839173,0.26405798839173,-0.0539587639847324,-0.0539587639847324,-0.0539587639847324,0,-5.28841206742801e-05,3.85097504807312e-05,0.908540008146224,0.908203443982969,-0.00232399475905214,0.00255589721002973,2.79208133844497,2.79675501632023,250,0
"1A_score_construction","baseline_scores","sum",250,0.6,1000,0.183941794907495,0.0386239276485298,0.498431488461769,0.26405798839173,0.26405798839173,0.26405798839173,-0.0801161934842352,-0.0801161934842352,-0.0801161934842352,0,18.007836,17.997128,4.78236879027708,4.78139020167473,-0.00285251030133255,0.00262078480235784,2.49437152423874,2.49643291657718,250,0
"1B_reliability","loading_0.50","sum",250,0.6,1000,0.172311702145834,0.0474829394869637,0.382341045284409,0.26405798839173,0.26405798839173,0.26405798839173,-0.0917462862458963,-0.0917462862458963,-0.0917462862458963,0,17.998612,18.005176,3.88608649167048,3.88726081869808,0.000542829217463187,-0.000744787028813602,2.65493550589813,2.64987901846818,250,0
"1B_reliability","loading_0.70","sum",250,0.6,1000,0.183872416338038,0.0372038856650719,0.49704028105085,0.26405798839173,0.26405798839173,0.26405798839173,-0.0801855720536921,-0.0801855720536921,-0.0801855720536921,0,18.000948,17.995636,4.77592364871348,4.78907647217762,-0.00419297642970176,0.00355754096471398,2.49266213425156,2.48327415295858,250,0
"1B_reliability","loading_0.85","sum",250,0.6,1000,0.164207118741765,0.0298219070825332,0.550705614264599,0.26405798839173,0.26405798839173,0.26405798839173,-0.0998508696499646,-0.0998508696499646,-0.0998508696499646,0,18.003264,18.001324,5.52090012068253,5.52521982994619,-0.00121359090415063,-0.000228306965559289,2.38532711243366,2.38196148522209,250,0
"1C_response_categories","n_cat_4","sum",250,0.6,1000,0.1455061514802,0.0322501337783299,0.490158420851152,0.26405798839173,0.26405798839173,0.26405798839173,-0.11855183691153,-0.11855183691153,-0.11855183691153,0,14.99948,15.003932,4.18823564434839,4.17930628989555,-0.00179760843460599,0.000436583781444331,2.26989271414329,2.27239922579849,250,0
"1C_response_categories","n_cat_5","sum",250,0.6,1000,0.184002028039618,0.0392810698429523,0.497404109228736,0.26405798839173,0.26405798839173,0.26405798839173,-0.0800559603521119,-0.0800559603521119,-0.0800559603521119,0,17.994632,18.002708,4.78800529071735,4.78476925912028,0.000376332554440219,0.00415141592950135,2.48872894801856,2.48686146539897,250,0
"1C_response_categories","n_cat_7","sum",250,0.6,1000,0.221953896510298,0.0534192589971888,0.502094837089467,0.26405798839173,0.26405798839173,0.26405798839173,-0.0421040918814323,-0.0421040918814323,-0.0421040918814323,0,23.990308,24.007592,5.26036604977986,5.26162358889667,-0.00449221700609882,-0.00108852505982854,2.82905768059798,2.83059616787508,250,0
"1D_threshold_shift","lower_0.50","sum",250,0.6,1000,0.174221807873042,0.0441241879557257,0.494044005887789,0.26405798839173,0.26405798839173,0.26405798839173,-0.0898361805186886,-0.0898361805186886,-0.0898361805186886,0,21.069248,21.058552,4.6288631778554,4.62194598966977,-0.272357012017567,-0.264419128876141,2.56112911611324,2.55920955905091,250,0
"1D_threshold_shift","lower_0.70","sum",250,0.6,1000,0.16659564217151,0.0495956895842349,0.490613150332686,0.26405798839173,0.26405798839173,0.26405798839173,-0.0974623462202206,-0.0974623462202206,-0.0974623462202206,0,22.23634,22.23926,4.47911873049584,4.47345233327638,-0.396987080226746,-0.391334104676281,2.6499272074467,2.64814992215733,250,0
"1D_threshold_shift","lower_1.00","sum",250,0.6,1000,0.154016546854015,0.0587262386773537,0.483832799273225,0.26405798839173,0.26405798839173,0.26405798839173,-0.11004542820708,-0.11004542820708,-0.11004542820708,0,23.902984,23.901252,4.15651057917775,4.15854660597333,-0.599445826320883,-0.599331195478314,2.87017375121175,2.87338224585081,250,0
"1D_threshold_shift","upper_0.50","sum",250,0.6,1000,0.174649228871108,0.0458058755819254,0.493508412464728,0.26405798839173,0.26405798839173,0.26405798839173,-0.0894087595206224,-0.0894087595206224,-0.0894087595206224,0,14.929316,14.932988,4.62660458839604,4.62429481103236,0.267373031055959,0.272832905575733,2.56483755998531,2.56303817336619,250,0
"1D_threshold_shift","upper_0.70","sum",250,0.6,1000,0.166064902420466,0.0501438177359258,0.491899961436741,0.26405798839173,0.26405798839173,0.26405798839173,-0.0979930859712645,-0.0979930859712645,-0.0979930859712645,0,13.754872,13.75132,4.47715778091919,4.46743759588845,0.387615530161288,0.389641952486879,2.64096940546097,2.63296074599696,250,0
"1D_threshold_shift","upper_1.00","sum",250,0.6,1000,0.154055398266436,0.0558295027682176,0.483799584848726,0.26405798839173,0.26405798839173,0.26405798839173,-0.110002590125294,-0.110002590125294,-0.110002590125294,0,12.09774,12.100576,4.14955425934391,4.15338258653184,0.598388951093875,0.597039155495603,2.87366817779998,2.86412279860997,250,0
"1E_range_restriction","x_lower","sum",250,0.6,1000,0.19162327810492,0.0507794060535198,0.348868818537808,0.26405798839173,0.26405798839173,0.319603471610742,-0.0724347102868102,-0.0724347102868102,-0.127980193505822,0.0555454832190122,15.8091142857143,16.6969028571429,3.65057608668521,4.43474484497859,-0.250847995706308,0.0636848532751427,2.57016252483268,2.55577921842133,175,0
"1E_range_restriction","x_upper","sum",250,0.6,1000,0.131506539465218,0.0439475168882069,0.344027004947882,0.26405798839173,0.26405798839173,0.120901890058214,-0.132626699553058,-0.132626699553058,0.01051447098118,-0.143156098333516,20.1853085714286,19.31212,3.64777419448087,4.42144070610767,0.249861012685386,-0.0552885613762455,2.573362024251,2.55035990973312,175,0
"1E_range_restriction","y_lower","sum",250,0.6,1000,0.129198547124288,0.0433673924299659,0.348927089592979,0.26405798839173,0.26405798839173,0.123452981008862,-0.134859441267442,-0.134859441267442,0.00576783505983699,-0.14064688328492,16.6997657142857,15.8065542857143,4.42593047824984,3.6378067160888,0.0568329899674487,-0.245003417078205,2.55238767739557,2.56803171517253,175,0
"1E_range_restriction","y_upper","sum",250,0.6,1000,0.191626983146109,0.0488123185723272,0.346226140722385,0.26405798839173,0.26405798839173,0.318860902454654,-0.0724950878615927,-0.0724950878615927,-0.127310099059497,0.0548029140629242,19.2981142857143,20.1937428571429,4.42546745872806,3.64470591466369,-0.0594240079217481,0.241308704277974,2.56491411294831,2.56297301294406,175,0
"1A_score_construction","baseline_scores","factor",500,0.2,1000,0.112125003236792,0.0307174404749057,0.165537601500897,0.145060957476499,0.145060957476499,0.145060957476499,-0.0330340053120065,-0.0330340053120065,-0.0330340053120065,0,1.35889082969352e-06,-5.53237416645957e-05,0.907491628767657,0.907403427888044,-0.000133289486855506,-0.00328892747734489,2.81128912272719,2.81810531111312,500,0
"1A_score_construction","baseline_scores","sum",500,0.2,1000,0.0854602939994903,0.0257002754242629,0.165238231322968,0.145060957476499,0.145060957476499,0.145060957476499,-0.0596987145493085,-0.0596987145493085,-0.0596987145493085,0,17.998674,17.994018,4.78377980930282,4.78001579343897,-0.000532855523596286,-0.00163425677037133,2.50440001627132,2.5104043591729,500,0
"1B_reliability","loading_0.50","sum",500,0.2,1000,0.103036961526619,0.0354372529864342,0.126753004267843,0.145060957476499,0.145060957476499,0.145060957476499,-0.0420239959498801,-0.0420239959498801,-0.0420239959498801,0,18.003524,17.998978,3.88371837127292,3.87875649699393,-0.00190039611279863,-0.00154888466448656,2.67269737697613,2.66662236272045,500,0
"1B_reliability","loading_0.70","sum",500,0.2,1000,0.0860076866094314,0.0259538144796769,0.165827117259478,0.145060957476499,0.145060957476499,0.145060957476499,-0.0590620054893433,-0.0590620054893433,-0.0590620054893433,0,18.003926,18.001754,4.78384135548329,4.78075792004435,-0.00304991191490543,-0.00176326218249221,2.50329229427513,2.51456728866576,500,0
"1B_reliability","loading_0.85","sum",500,0.2,1000,0.0473228201775769,0.0191810344158024,0.182351891383026,0.145060957476499,0.145060957476499,0.145060957476499,-0.0985991760286052,-0.0985991760286052,-0.0985991760286052,0,17.999654,18.000846,5.52037121764091,5.52256581457338,0.00188969768948717,-0.000158222811389109,2.38966282740672,2.39276756446201,500,0
"1C_response_categories","n_cat_4","sum",500,0.2,1000,0.0469548893181504,0.0195020488080183,0.161998744835448,0.145060957476499,0.145060957476499,0.145060957476499,-0.0984193533724792,-0.0984193533724792,-0.0984193533724792,0,14.995896,14.997322,4.18280790815834,4.18133651022862,0.00137201594683531,0.00124768418654275,2.28413422738724,2.28389744372871,500,0
"1C_response_categories","n_cat_5","sum",500,0.2,1000,0.0851298010675338,0.0283779294356201,0.165561771628731,0.145060957476499,0.145060957476499,0.145060957476499,-0.0600171382526906,-0.0600171382526906,-0.0600171382526906,0,17.995196,17.995096,4.78371037150658,4.78310872708032,0.00111076584613057,-0.000981305259973858,2.50411470546057,2.5067654645967,500,0
"1C_response_categories","n_cat_7","sum",500,0.2,1000,0.123667782610155,0.0385337973346803,0.166512307970473,0.145060957476499,0.145060957476499,0.145060957476499,-0.021569375702838,-0.021569375702838,-0.021569375702838,0,24.002096,24.007152,5.26924782283631,5.26775555230183,-0.00274315152382258,-0.000480169614906265,2.84543409400188,2.84676928329525,500,0
"1D_threshold_shift","lower_0.50","sum",500,0.2,1000,0.0764612916167174,0.0308304766221309,0.165919080900636,0.145060957476499,0.145060957476499,0.145060957476499,-0.0686963568663485,-0.0686963568663485,-0.0686963568663485,0,21.065834,21.070598,4.62897741298098,4.62644066840191,-0.270352060460931,-0.271903681149243,2.56935112763166,2.57335897029005,500,0
"1D_threshold_shift","lower_0.70","sum",500,0.2,1000,0.0705101075855479,0.0322512260707539,0.162681087011055,0.145060957476499,0.145060957476499,0.145060957476499,-0.0747725456723016,-0.0747725456723016,-0.0747725456723016,0,22.246196,22.24646,4.46634614627321,4.47578698567831,-0.392372979813291,-0.396227447384458,2.65704019204627,2.66304924308193,500,0
"1D_threshold_shift","lower_1.00","sum",500,0.2,1000,0.0636240055069505,0.0373397133650386,0.159101343923971,0.145060957476499,0.145060957476499,0.145060957476499,-0.0824911503523174,-0.0824911503523174,-0.0824911503523174,0,23.898728,23.906326,4.15415409962945,4.15355792165348,-0.606555167057052,-0.610621500048504,2.90594653871076,2.91725701729782,500,0
"1D_threshold_shift","upper_0.50","sum",500,0.2,1000,0.0754681711317544,0.031787016333244,0.163890069947632,0.145060957476499,0.145060957476499,0.145060957476499,-0.0697413408519445,-0.0697413408519445,-0.0697413408519445,0,14.930974,14.929328,4.62505462509299,4.6270673087475,0.270359396742331,0.274015339308479,2.57115076646911,2.57571196882318,500,0
"1D_threshold_shift","upper_0.70","sum",500,0.2,1000,0.0693780843788335,0.0329992629557879,0.161449725984438,0.145060957476499,0.145060957476499,0.145060957476499,-0.0757906806543589,-0.0757906806543589,-0.0757906806543589,0,13.759462,13.758754,4.47409707484291,4.47586112536536,0.392238864098404,0.396279769445245,2.65554448928765,2.66320968126769,500,0
"1D_threshold_shift","upper_1.00","sum",500,0.2,1000,0.0642123634447751,0.0365780481177917,0.159069146978031,0.145060957476499,0.145060957476499,0.145060957476499,-0.0817948784604466,-0.0817948784604466,-0.0817948784604466,0,12.098398,12.097882,4.15562271458278,4.15609859866365,0.607033720510977,0.606042882234772,2.89546564872065,2.89680041854862,500,0
"1E_range_restriction","x_lower","sum",500,0.2,1000,0.097674314533155,0.0338567107674407,0.106891622498558,0.145060957476499,0.145060957476499,0.209176734216334,-0.047610854042943,-0.047610854042943,-0.111700758105603,0.0640078174770468,15.8023742857143,17.5722857142857,3.63702929555813,4.74570325940726,-0.249025138031187,0.0335901735268349,2.59018061048351,2.51142158025106,350,0
"1E_range_restriction","x_upper","sum",500,0.2,1000,0.0796069556539344,0.0313642991285311,0.105930859975334,0.145060957476499,0.145060957476499,0.044907347315621,-0.065316501773173,-0.065316501773173,0.0347291892426467,-0.100153610160878,20.1919057142857,18.4358257142857,3.64061063184683,4.7380815901552,0.249149273312098,-0.0311565338981536,2.58695771550386,2.51258160816069,350,0
"1E_range_restriction","y_lower","sum",500,0.2,1000,0.0805026015441769,0.0328679008083349,0.108466654033289,0.145060957476499,0.145060957476499,0.0478988275880533,-0.064756007611459,-0.064756007611459,0.0324157748125936,-0.0971621298884456,17.5705142857143,15.8092714285714,4.74476632524879,3.64401908057884,0.0317664794506588,-0.253568180665941,2.51214580219449,2.59283357102293,350,0
"1E_range_restriction","y_upper","sum",500,0.2,1000,0.0990458828805542,0.0334579899330908,0.105103915861122,0.145060957476499,0.145060957476499,0.205588428619153,-0.0464664083725198,-0.0464664083725198,-0.107447391817852,0.0605274711426545,18.4351657142857,20.1932028571429,4.73776967179756,3.63357519843151,-0.0329806602724009,0.25175946513959,2.50725529067556,2.59646776359114,350,0
"1A_score_construction","baseline_scores","factor",500,0.4,1000,0.147000624938,0.0329057549347256,0.329970128284881,0.194624463075426,0.194624463075426,0.194624463075426,-0.0476238381374264,-0.0476238381374264,-0.0476238381374264,0,2.17580689904702e-05,4.30707914194894e-05,0.907480938307394,0.90731147728319,0.00283460551197224,0.00217532471630077,2.81716457580567,2.81527276978397,500,0
"1A_score_construction","baseline_scores","sum",500,0.4,1000,0.117974540100636,0.0285265449871339,0.329886732906084,0.194624463075426,0.194624463075426,0.194624463075426,-0.0766499229747907,-0.0766499229747907,-0.0766499229747907,0,17.996858,18.000126,4.77854185291244,4.77908061459036,0.00280316127042493,0.00175779338970286,2.51011310255123,2.50918304645832,500,0
"1B_reliability","loading_0.50","sum",500,0.4,1000,0.130835516188259,0.0389386691246662,0.255433206884809,0.194624463075426,0.194624463075426,0.194624463075426,-0.0637889468871674,-0.0637889468871674,-0.0637889468871674,0,17.999798,18.0034,3.88155799760303,3.87769032817002,-0.000584365084865119,-0.000391894758479661,2.67027664366463,2.66649717419021,500,0
"1B_reliability","loading_0.70","sum",500,0.4,1000,0.118817989083141,0.0288269968501251,0.329243136955994,0.194624463075426,0.194624463075426,0.194624463075426,-0.0759520859637677,-0.0759520859637677,-0.0759520859637677,0,18.002506,17.994366,4.7848105517407,4.7759607379609,0.00180526736461609,0.00261271412090115,2.50789706483428,2.51040685383604,500,0
"1B_reliability","loading_0.85","sum",500,0.4,1000,0.0792265837367174,0.0232029150919885,0.365229163736223,0.194624463075426,0.194624463075426,0.194624463075426,-0.115407670266827,-0.115407670266827,-0.115407670266827,0,17.997536,17.996032,5.52324977574912,5.51750743598704,0.000778442892209686,0.00153466931686791,2.38920136270107,2.39506204310825,500,0
"1C_response_categories","n_cat_4","sum",500,0.4,1000,0.0736556943565957,0.0226156521762996,0.324460653608285,0.194624463075426,0.194624463075426,0.194624463075426,-0.12121217216087,-0.12121217216087,-0.12121217216087,0,15.001998,15.001046,4.17695851938542,4.17594042158507,0.0036884789050173,0.000165108832821095,2.28568201904051,2.28352095870114,500,0
"1C_response_categories","n_cat_5","sum",500,0.4,1000,0.117546102470704,0.0291996085934182,0.329829092355663,0.194624463075426,0.194624463075426,0.194624463075426,-0.0772249455793075,-0.0772249455793075,-0.0772249455793075,0,17.99374,17.998022,4.78155964829622,4.77569883172278,0.00281974539278708,-0.000309017406989539,2.50933005011167,2.50959631191723,500,0
"1C_response_categories","n_cat_7","sum",500,0.4,1000,0.163114011733947,0.0395011721755968,0.332155447952324,0.194624463075426,0.194624463075426,0.194624463075426,-0.0315104513414791,-0.0315104513414791,-0.0315104513414791,0,24.00185,23.997024,5.26338992417453,5.25816574254468,0.00432809979416065,0.00385994299926249,2.8425540920026,2.85342036357087,500,0
"1D_threshold_shift","lower_0.50","sum",500,0.4,1000,0.106648922738807,0.0330280381550696,0.326519186871003,0.194624463075426,0.194624463075426,0.194624463075426,-0.0879755403366193,-0.0879755403366193,-0.0879755403366193,0,21.063588,21.075178,4.63030825815074,4.614518433144,-0.269548662111183,-0.271462906841731,2.5694147776316,2.57853096361581,500,0
"1D_threshold_shift","lower_0.70","sum",500,0.4,1000,0.103432941334841,0.0385448710161856,0.324771409529549,0.194624463075426,0.194624463075426,0.194624463075426,-0.0913511580455935,-0.0913511580455935,-0.0913511580455935,0,22.244714,22.243384,4.46766871391336,4.4740221729578,-0.39087122925216,-0.394996598338605,2.65282107377787,2.65550083836799,500,0
"1D_threshold_shift","lower_1.00","sum",500,0.4,1000,0.0948783449189505,0.0443497778717278,0.318528277314514,0.194624463075426,0.194624463075426,0.194624463075426,-0.0999523156336621,-0.0999523156336621,-0.0999523156336621,0,23.904322,23.897884,4.15145102530562,4.14979559487431,-0.60511212355899,-0.602209107993107,2.8950155740414,2.89434190575563,500,0
"1D_threshold_shift","upper_0.50","sum",500,0.4,1000,0.109787759108624,0.0346833056010477,0.327528743650314,0.194624463075426,0.194624463075426,0.194624463075426,-0.0851259522944707,-0.0851259522944707,-0.0851259522944707,0,14.927718,14.929656,4.62694527570645,4.61920298584147,0.274914245032669,0.274099269786024,2.57473123273337,2.58499605255695,500,0
"1D_threshold_shift","upper_0.70","sum",500,0.4,1000,0.101478250343016,0.0380755143724636,0.324585408477542,0.194624463075426,0.194624463075426,0.194624463075426,-0.0931218878317524,-0.0931218878317524,-0.0931218878317524,0,13.755968,13.757942,4.47165953519181,4.47282651920247,0.401078166964151,0.395817962826709,2.67062133669472,2.66299343021754,500,0
"1D_threshold_shift","upper_1.00","sum",500,0.4,1000,0.0964197477349903,0.0458972642894139,0.317883155278247,0.194624463075426,0.194624463075426,0.194624463075426,-0.098485614086476,-0.098485614086476,-0.098485614086476,0,12.097938,12.094162,4.14998270550132,4.15164979610772,0.602911346791115,0.611110946625554,2.89533753518142,2.91509969354587,500,0
"1E_range_restriction","x_lower","sum",500,0.4,1000,0.131629569828106,0.0383666632941646,0.217656317556115,0.194624463075426,0.194624463075426,0.255175010733937,-0.0632045971358225,-0.0632045971358225,-0.123893363743652,0.060550547658511,15.8026,17.13608,3.6371649725322,4.6264421470556,-0.252597297428363,0.0617128163574894,2.58377440014832,2.5357153479918,350,0
"1E_range_restriction","x_upper","sum",500,0.4,1000,0.0934876232247705,0.0348214027588333,0.218633086510329,0.194624463075426,0.194624463075426,0.0725023964901931,-0.101173654690126,-0.101173654690126,0.020868712643113,-0.122117261500372,20.1896685714286,18.8508314285714,3.63917352500599,4.62249369386178,0.250873267122905,-0.0558130520945099,2.59354528117861,2.53923196993824,350,0
"1E_range_restriction","y_lower","sum",500,0.4,1000,0.0930039354240956,0.0344692403491187,0.221277178863313,0.194624463075426,0.194624463075426,0.0677120681968333,-0.101665761814575,-0.101665761814575,0.0252253008007833,-0.126900857368844,17.1447457142857,15.8112457142857,4.63021381733117,3.63493860000254,0.0589805437878879,-0.250451914694262,2.53551101317553,2.58898732981562,350,0
"1E_range_restriction","y_upper","sum",500,0.4,1000,0.131862848730243,0.0369512489700349,0.218726810029763,0.194624463075426,0.194624463075426,0.259753397171593,-0.0628252479040039,-0.0628252479040039,-0.128010971733806,0.0651289340961667,18.8592228571429,20.1932514285714,4.62887922801108,3.63554050371691,-0.0589813855475669,0.249290061809771,2.5376883963521,2.59969036294818,350,0
"1A_score_construction","baseline_scores","factor",500,0.6,1000,0.192053898545045,0.0339803297925036,0.495897079139827,0.253978790258539,0.253978790258539,0.253978790258539,-0.0619248917134936,-0.0619248917134936,-0.0619248917134936,0,2.0403732911951e-05,-5.14920360907649e-06,0.907554806947309,0.907203252591986,0.000891854641551703,-7.43431050838276e-05,2.8233858385967,2.80925445514309,500,0
"1A_score_construction","baseline_scores","sum",500,0.6,1000,0.162396883490249,0.0297392326975816,0.495950821047418,0.253978790258539,0.253978790258539,0.253978790258539,-0.091581906768289,-0.091581906768289,-0.091581906768289,0,18.0004,17.998412,4.7802950291351,4.77978651299488,0.00138984045269258,0.000226813058997598,2.5137394578185,2.50573929942043,500,0
"1B_reliability","loading_0.50","sum",500,0.6,1000,0.160982559110639,0.0396323766705571,0.382316658496407,0.253978790258539,0.253978790258539,0.253978790258539,-0.0929962311478993,-0.0929962311478993,-0.0929962311478993,0,18.003104,18.000336,3.87818037676238,3.88175279403774,0.00118203457943004,-0.00264283121100458,2.67656594871266,2.67228326198525,500,0
"1B_reliability","loading_0.70","sum",500,0.6,1000,0.163139176252372,0.0299163804877889,0.495460847998711,0.253978790258539,0.253978790258539,0.253978790258539,-0.0908396140061663,-0.0908396140061663,-0.0908396140061663,0,17.998812,18.001908,4.77855781149562,4.77706804077187,0.00240520364151159,0.00166784213637897,2.50877250646171,2.50448393031438,500,0
"1B_reliability","loading_0.85","sum",500,0.6,1000,0.130306008454106,0.0244543450825263,0.549413471455961,0.253978790258539,0.253978790258539,0.253978790258539,-0.123672781804432,-0.123672781804432,-0.123672781804432,0,17.999332,17.998392,5.51824045309691,5.51710343872823,0.00110094705051455,0.00103164445861117,2.39535343484883,2.39381816012338,500,0
"1C_response_categories","n_cat_4","sum",500,0.6,1000,0.112194262890341,0.025297274546997,0.489200510527406,0.253978790258539,0.253978790258539,0.253978790258539,-0.141784527368197,-0.141784527368197,-0.141784527368197,0,15.003042,15.003688,4.17820580051904,4.17615517992905,0.000273608981984631,7.44255404957679e-05,2.28775223930918,2.29014613845865,500,0
"1C_response_categories","n_cat_5","sum",500,0.6,1000,0.162293214525326,0.0305888224545002,0.496223203891219,0.253978790258539,0.253978790258539,0.253978790258539,-0.0916855757332126,-0.0916855757332126,-0.0916855757332126,0,17.995988,17.9964,4.77522269857076,4.78226555177932,0.0023157191758435,0.00411036618237466,2.51122274707886,2.50550681240191,500,0
"1C_response_categories","n_cat_7","sum",500,0.6,1000,0.209443530802646,0.0436987397312666,0.501050450572923,0.253978790258539,0.253978790258539,0.253978790258539,-0.0445352594558929,-0.0445352594558929,-0.0445352594558929,0,23.994588,23.99316,5.26677226901597,5.26255872707853,0.000229515837401547,0.00124933242325922,2.85713497101467,2.84663898202456,500,0
"1D_threshold_shift","lower_0.50","sum",500,0.6,1000,0.153461801810443,0.0368610467705645,0.49319954631562,0.253978790258539,0.253978790258539,0.253978790258539,-0.100516988448095,-0.100516988448095,-0.100516988448095,0,21.07237,21.074696,4.62701915937166,4.62131447709505,-0.27452769721381,-0.271757984519309,2.58422308260683,2.57342500856463,500,0
"1D_threshold_shift","lower_0.70","sum",500,0.6,1000,0.147019186237267,0.0413868839226182,0.489795394026013,0.253978790258539,0.253978790258539,0.253978790258539,-0.106959604021272,-0.106959604021272,-0.106959604021272,0,22.242304,22.24871,4.47347958316452,4.46746916519763,-0.393845228204571,-0.393318367987075,2.65899221887772,2.65467104473884,500,0
"1D_threshold_shift","lower_1.00","sum",500,0.6,1000,0.142263853189915,0.0498573731570281,0.482197757156763,0.253978790258539,0.253978790258539,0.253978790258539,-0.111774285757651,-0.111774285757651,-0.111774285757651,0,23.907058,23.89958,4.14875127919202,4.14918285812448,-0.610534063469584,-0.603233353512572,2.91748791588767,2.89409024367927,500,0
"1D_threshold_shift","upper_0.50","sum",500,0.6,1000,0.153006469142471,0.0361216158601685,0.492876061874222,0.253978790258539,0.253978790258539,0.253978790258539,-0.100972321116068,-0.100972321116068,-0.100972321116068,0,14.931842,14.934044,4.62451549595288,4.62999434212483,0.273827945919739,0.273513619991851,2.57709169704307,2.57344714450601,500,0
"1D_threshold_shift","upper_0.70","sum",500,0.6,1000,0.144824180390931,0.041336354944712,0.489816841083383,0.253978790258539,0.253978790258539,0.253978790258539,-0.109154609867608,-0.109154609867608,-0.109154609867608,0,13.755592,13.758464,4.47985194602367,4.47038586748032,0.396885348122069,0.392502441081556,2.65810197492089,2.66075853415014,500,0
"1D_threshold_shift","upper_1.00","sum",500,0.6,1000,0.135079548105238,0.0467508053907355,0.481468054782294,0.253978790258539,0.253978790258539,0.253978790258539,-0.118946098495279,-0.118946098495279,-0.118946098495279,0,12.096976,12.097902,4.15206818385855,4.15318339292577,0.606007392719364,0.606763030916982,2.89580937843157,2.89517744451908,500,0
"1E_range_restriction","x_lower","sum",500,0.6,1000,0.169834285990946,0.0391490218613162,0.34310252539405,0.253978790258539,0.253978790258539,0.314745851849155,-0.0841445042675923,-0.0841445042675923,-0.144911565858209,0.0607670615906169,15.8057685714286,16.7021428571429,3.63609124830196,4.42243782961835,-0.251147373172641,0.0606985557699441,2.58926293285788,2.57281355245675,350,0
"1E_range_restriction","x_upper","sum",500,0.6,1000,0.115383392369556,0.0354331618179618,0.347782562316053,0.253978790258539,0.253978790258539,0.105499760129243,-0.138595397888982,-0.138595397888982,0.00988363224031349,-0.148479030129296,20.1849542857143,19.3015571428571,3.64310660994344,4.42041857661996,0.253791339610813,-0.060008650946142,2.59788723908657,2.58191041960734,350,0
"1E_range_restriction","y_lower","sum",500,0.6,1000,0.114707961743059,0.0373119411123868,0.344090344795327,0.253978790258539,0.253978790258539,0.110050015442929,-0.13927082851548,-0.13927082851548,0.00465794630012939,-0.143928774815609,16.7019714285714,15.8105714285714,4.41972753870911,3.63421936207756,0.0597824716122352,-0.249004981226536,2.57762061982939,2.5848048344563,350,0
"1E_range_restriction","y_upper","sum",500,0.6,1000,0.168969148129523,0.0384462028475772,0.343748546490973,0.253978790258539,0.253978790258539,0.309952935658667,-0.0850992156341668,-0.0850992156341668,-0.141065570537749,0.0559741454001285,19.3052828571429,20.1890971428571,4.42651238497426,3.6394313701781,-0.061128516791333,0.246688772400524,2.57569913003725,2.58792853106194,350,0
"1A_score_construction","baseline_scores","factor",1000,0.2,1000,0.0935961501886201,0.0237592356007936,0.164450999183429,0.137284735898207,0.137284735898207,0.137284735898207,-0.043646773114226,-0.043646773114226,-0.043646773114226,0,-1.64724375774158e-05,-5.1190644107356e-06,0.906860357528174,0.907073418193774,-0.00155360789499002,-0.000686286921939623,2.82847321748888,2.82485342696962,1000,0
"1A_score_construction","baseline_scores","sum",1000,0.2,1000,0.0677509770826564,0.0195324588381036,0.164232146244173,0.137284735898207,0.137284735898207,0.137284735898207,-0.0694919462201898,-0.0694919462201898,-0.0694919462201898,0,17.998808,18.001451,4.77583115089337,4.78152521438036,-0.000908782468450646,-0.00110337217743998,2.51742175393447,2.513975294957,1000,0
"1B_reliability","loading_0.50","sum",1000,0.2,1000,0.0962663557395788,0.0308430700013224,0.127751587596733,0.137284735898207,0.137284735898207,0.137284735898207,-0.0410251187107227,-0.0410251187107227,-0.0410251187107227,0,18.003406,17.998724,3.88059874582317,3.8818940197938,-0.000912563522943491,0.000956426200708284,2.6773322508021,2.67676661182528,1000,0
"1B_reliability","loading_0.70","sum",1000,0.2,1000,0.0669534516448243,0.0217517902337147,0.163453246529887,0.137284735898207,0.137284735898207,0.137284735898207,-0.0703897204301427,-0.0703897204301427,-0.0703897204301427,0,17.997435,18.001559,4.77895313454229,4.77982687476586,0.000780581092787583,-0.00182565074693098,2.51322441327739,2.51825338192374,1000,0
"1B_reliability","loading_0.85","sum",1000,0.2,1000,0.0284722222222222,0.0134530462740336,0.181421822907709,0.137284735898207,0.137284735898207,0.137284735898207,-0.109873319490775,-0.109873319490775,-0.109873319490775,0,18.00187,18.001664,5.517964479769,5.51631045900569,0.000268957289874656,-0.000391662223884536,2.40049160343262,2.3991031347235,1000,0
"1C_response_categories","n_cat_4","sum",1000,0.2,1000,0.0302086173099142,0.0136403263690579,0.161865335334169,0.137284735898207,0.137284735898207,0.137284735898207,-0.107954239661832,-0.107954239661832,-0.107954239661832,0,14.999742,14.99885,4.18121376805693,4.18014815804427,-0.00238834406321486,-0.00242701652287616,2.28730022221366,2.29125785043202,1000,0
"1C_response_categories","n_cat_5","sum",1000,0.2,1000,0.0672938658203013,0.0193999255928154,0.165604454580478,0.137284735898207,0.137284735898207,0.137284735898207,-0.0699908700779055,-0.0699908700779055,-0.0699908700779055,0,17.995731,18.000444,4.77773802647892,4.77799974544752,0.00129633720892841,0.00114992715542654,2.5165785868108,2.51581157848774,1000,0
"1C_response_categories","n_cat_7","sum",1000,0.2,1000,0.112702495578945,0.0319390645808753,0.166502653116193,0.137284735898207,0.137284735898207,0.137284735898207,-0.0246340184368905,-0.0246340184368905,-0.0246340184368905,0,24.005967,24.001464,5.26618041119671,5.26560624401436,-0.000330678306428394,0.000595651288810684,2.86397575774861,2.85749694800114,1000,0
"1D_threshold_shift","lower_0.50","sum",1000,0.2,1000,0.0610078744919287,0.0246159478143008,0.164378553838354,0.137284735898207,0.137284735898207,0.137284735898207,-0.0767549445780834,-0.0767549445780834,-0.0767549445780834,0,21.069778,21.064918,4.62310439365526,4.62338467801482,-0.275269428147074,-0.274826376843381,2.58570222944836,2.58833255953282,1000,0
"1D_threshold_shift","lower_0.70","sum",1000,0.2,1000,0.0590306373085798,0.0265174288455636,0.161883926197731,0.137284735898207,0.137284735898207,0.137284735898207,-0.0785235481998873,-0.0785235481998873,-0.0785235481998873,0,22.242676,22.245707,4.47482356838517,4.47450858429388,-0.399081380780815,-0.397585677785063,2.67345352988665,2.67076633752708,1000,0
"1D_threshold_shift","lower_1.00","sum",1000,0.2,1000,0.0536494117638314,0.0306689847394182,0.158523993901343,0.137284735898207,0.137284735898207,0.137284735898207,-0.084208477787488,-0.084208477787488,-0.084208477787488,0,23.905461,23.902008,4.15381960860623,4.15258007182545,-0.612347901419804,-0.609419710050352,2.92029191508687,2.91720426054153,1000,0
"1D_threshold_shift","upper_0.50","sum",1000,0.2,1000,0.0606858267395646,0.0248508157270992,0.16387943244608,0.137284735898207,0.137284735898207,0.137284735898207,-0.0766845578619768,-0.0766845578619768,-0.0766845578619768,0,14.931044,14.932874,4.62568775228181,4.62391890747569,0.274536862629344,0.273608445523659,2.58343340627399,2.58340409973871,1000,0
"1D_threshold_shift","upper_0.70","sum",1000,0.2,1000,0.059166271403158,0.0267915703901378,0.162157665877538,0.137284735898207,0.137284735898207,0.137284735898207,-0.0786374073429787,-0.0786374073429787,-0.0786374073429787,0,13.755147,13.755477,4.47447241008937,4.47337134640698,0.397997763704984,0.397985346710283,2.67030852202407,2.67482617791633,1000,0
"1D_threshold_shift","upper_1.00","sum",1000,0.2,1000,0.0546231387112992,0.0309595992040367,0.159636264615802,0.137284735898207,0.137284735898207,0.137284735898207,-0.0839002814251687,-0.0839002814251687,-0.0839002814251687,0,12.099128,12.099066,4.15749779893231,4.1549993912483,0.614348120021315,0.612913396773557,2.92259037905413,2.92178250090118,1000,0
"1E_range_restriction","x_lower","sum",1000,0.2,1000,0.0796178937667489,0.0248109388031625,0.106562609370661,0.137284735898207,0.137284735898207,0.202205668640876,-0.0580275572732934,-0.0580275572732934,-0.123211318687685,0.0649209327426697,15.8027542857143,17.5682271428571,3.63605686697961,4.74088170932504,-0.251247576814038,0.0331975284280517,2.60223232156415,2.52220994033432,700,0
"1E_range_restriction","x_upper","sum",1000,0.2,1000,0.0714121999667367,0.0294468056962956,0.105933701605977,0.137284735898207,0.137284735898207,0.0387013984773155,-0.0658296609873689,-0.0658296609873689,0.0326658451799346,-0.0985833374208913,20.1951071428571,18.4327371428571,3.63735467749868,4.74244265827202,0.249417806048136,-0.0357847511579229,2.6034995104501,2.52361602864635,700,0
"1E_range_restriction","y_lower","sum",1000,0.2,1000,0.0702658458421838,0.0286330182825367,0.106821635587719,0.137284735898207,0.137284735898207,0.037717142603589,-0.067169164578428,-0.067169164578428,0.0324394705320622,-0.0995675932946178,17.5635942857143,15.81154,4.74484141242133,3.63829958673895,0.0327607675536147,-0.250881374506332,2.51951614975059,2.6015227413102,700,0
"1E_range_restriction","y_upper","sum",1000,0.2,1000,0.0784424640696419,0.0257642478783864,0.107489113327829,0.137284735898207,0.137284735898207,0.202770076293621,-0.0591027092143329,-0.0591027092143329,-0.124652467797453,0.0654853403954145,18.4318214285714,20.1930457142857,4.74309515062387,3.63593378796007,-0.0364889390050444,0.254507403894644,2.52608397879002,2.60591263108021,700,0
"1A_score_construction","baseline_scores","factor",1000,0.4,1000,0.126619723716344,0.0251618213634857,0.331204139344059,0.186480633195054,0.186480633195054,0.186480633195054,-0.0598609094787093,-0.0598609094787093,-0.0598609094787093,0,-3.483490700433e-06,1.76603379576106e-05,0.906851921341484,0.906758238556533,-0.000706861412360536,0.00109421108618874,2.82267120239087,2.81942431099969,1000,0
"1A_score_construction","baseline_scores","sum",1000,0.4,1000,0.0974054692124458,0.0220235225893234,0.330833096594943,0.186480633195054,0.186480633195054,0.186480633195054,-0.089075163982608,-0.089075163982608,-0.089075163982608,0,17.99982,18.000998,4.7791788153834,4.77780920519327,-0.000987181528377989,0.000828075597407123,2.51322318060248,2.51136629362722,1000,0
"1B_reliability","loading_0.50","sum",1000,0.4,1000,0.117963007370071,0.0329476084451929,0.25500793766443,0.186480633195054,0.186480633195054,0.186480633195054,-0.0685176258249825,-0.0685176258249825,-0.0685176258249825,0,18.001265,17.997402,3.8848717383342,3.88270786306312,-0.00175199636902155,0.00128572297205567,2.68072210051124,2.67644631434215,1000,0
"1B_reliability","loading_0.70","sum",1000,0.4,1000,0.098326420812568,0.0223469465517537,0.331092859428622,0.186480633195054,0.186480633195054,0.186480633195054,-0.0881542123824858,-0.0881542123824858,-0.0881542123824858,0,17.998451,18.000686,4.7776855038288,4.780135935813,-6.32257823058971e-05,-0.00108195350834837,2.5183361118042,2.51744068244698,1000,0
"1B_reliability","loading_0.85","sum",1000,0.4,1000,0.0558466504908523,0.0175695022890859,0.366649917130816,0.186480633195054,0.186480633195054,0.186480633195054,-0.130545167984248,-0.130545167984248,-0.130545167984248,0,18.001984,17.999722,5.51858741933305,5.51707501793654,-0.000953309868436556,-0.000497771984763809,2.39871971802759,2.39813129576956,1000,0
"1C_response_categories","n_cat_4","sum",1000,0.4,1000,0.0507537688442211,0.0171005039115084,0.326629454259316,0.186480633195054,0.186480633195054,0.186480633195054,-0.135919216950344,-0.135919216950344,-0.135919216950344,0,15.000238,15.001029,4.17985564272405,4.17874957835759,-0.0024332567361123,-0.000988377194639129,2.28857240843363,2.28729822342004,1000,0
"1C_response_categories","n_cat_5","sum",1000,0.4,1000,0.0973961800370381,0.0213396040743315,0.331396341031817,0.186480633195054,0.186480633195054,0.186480633195054,-0.0891259424163066,-0.0891259424163066,-0.0891259424163066,0,18.000503,17.99985,4.77684992542054,4.77743630764523,6.33600186565051e-05,-0.000153445581784182,2.51388348982934,2.51483735842626,1000,0
"1C_response_categories","n_cat_7","sum",1000,0.4,1000,0.149847836616807,0.0335108144874479,0.334230681746581,0.186480633195054,0.186480633195054,0.186480633195054,-0.0366327965782465,-0.0366327965782465,-0.0366327965782465,0,24.003172,24.001546,5.26799386713657,5.26813565110449,6.41501484544143e-05,-0.00214074121242526,2.85762383262596,2.85746627507967,1000,0
"1D_threshold_shift","lower_0.50","sum",1000,0.4,1000,0.0909552796246299,0.0275371865070708,0.327840832566045,0.186480633195054,0.186480633195054,0.186480633195054,-0.0956295329247349,-0.0956295329247349,-0.0956295329247349,0,21.069752,21.070562,4.62404406311776,4.62499244167069,-0.276030442670446,-0.273002878426189,2.5860558673887,2.58047925449802,1000,0
"1D_threshold_shift","lower_0.70","sum",1000,0.4,1000,0.0874969146869341,0.0301717081596364,0.326260011333474,0.186480633195054,0.186480633195054,0.186480633195054,-0.0991020750592404,-0.0991020750592404,-0.0991020750592404,0,22.24064,22.242067,4.47581343965547,4.47367001004746,-0.398685744016596,-0.39480605522657,2.67392596295108,2.66056111901656,1000,0
"1D_threshold_shift","lower_1.00","sum",1000,0.4,1000,0.0797238384397313,0.0357407120276367,0.319172650578658,0.186480633195054,0.186480633195054,0.186480633195054,-0.106905930480638,-0.106905930480638,-0.106905930480638,0,23.903203,23.904501,4.15419257029702,4.15280846798206,-0.610301238231891,-0.607053930349595,2.91718540900207,2.90741344175471,1000,0
"1D_threshold_shift","upper_0.50","sum",1000,0.4,1000,0.0906309094473596,0.0270571684676798,0.329027292292548,0.186480633195054,0.186480633195054,0.186480633195054,-0.0958497237476941,-0.0958497237476941,-0.0958497237476941,0,14.932869,14.931301,4.62709809705396,4.62378758395931,0.275044668267205,0.274028310764695,2.58676906713893,2.58200209439655,1000,0
"1D_threshold_shift","upper_0.70","sum",1000,0.4,1000,0.0875531758254888,0.0319213855592772,0.326401354358296,0.186480633195054,0.186480633195054,0.186480633195054,-0.098945093807217,-0.098945093807217,-0.098945093807217,0,13.756448,13.753001,4.4737129000521,4.47122523140905,0.39689811443897,0.396782189509005,2.67179509460249,2.66741751929529,1000,0
"1D_threshold_shift","upper_1.00","sum",1000,0.4,1000,0.0828670911653263,0.0352916050077846,0.320361294581735,0.186480633195054,0.186480633195054,0.186480633195054,-0.103857257250945,-0.103857257250945,-0.103857257250945,0,12.096325,12.098787,4.15489633946677,4.15400737463496,0.609718786281257,0.61146973475109,2.91368126446056,2.91640462277829,1000,0
"1E_range_restriction","x_lower","sum",1000,0.4,1000,0.108706974217873,0.0290498505225463,0.220568344464558,0.186480633195054,0.186480633195054,0.252090936991365,-0.077797200211104,-0.077797200211104,-0.143448679015131,0.0656103037963113,15.8056828571429,17.1350271428571,3.63294895688726,4.62492045362337,-0.253590446409107,0.0590910613401302,2.60403662605141,2.54685874500737,700,0
"1E_range_restriction","x_upper","sum",1000,0.4,1000,0.0803016565024998,0.0283403445812328,0.218768556889307,0.186480633195054,0.186480633195054,0.0598264054069217,-0.106230168752619,-0.106230168752619,0.0204168290426329,-0.126654227788132,20.19397,18.8680614285714,3.63490004929905,4.62574051662945,0.253820207797843,-0.0610399564271154,2.59936550920724,2.54571355870725,700,0
"1E_range_restriction","y_lower","sum",1000,0.4,1000,0.0807716210167001,0.0286292624818463,0.221422788337557,0.186480633195054,0.186480633195054,0.0604596799739658,-0.105655771522132,-0.105655771522132,0.0203126849743063,-0.126020953221088,17.1367571428571,15.8024471428571,4.62559990794892,3.63833724172531,0.0595322186949772,-0.249822356463627,2.54914071175927,2.60084567657745,700,0
"1E_range_restriction","y_upper","sum",1000,0.4,1000,0.110739684965574,0.0283929785878292,0.220471609460272,0.186480633195054,0.186480633195054,0.253760454548151,-0.075948621067247,-0.075948621067247,-0.143312591187694,0.0672798213530971,18.8636242857143,20.1953457142857,4.62637122029561,3.63778165548792,-0.0624015096880219,0.251780365946115,2.5508875108543,2.60008947275509,700,0
"1A_score_construction","baseline_scores","factor",1000,0.6,1000,0.171133175868616,0.0240885141815422,0.497784575580658,0.248271142115754,0.248271142115754,0.248271142115754,-0.0771379662471382,-0.0771379662471382,-0.0771379662471382,0,-7.21548229982706e-06,3.04917382917934e-05,0.906888337252814,0.906975461066944,-0.000547831458153439,0.00119189183358146,2.82633566374487,2.82293607588395,1000,0
"1A_score_construction","baseline_scores","sum",1000,0.6,1000,0.140049078330565,0.0219291181007313,0.497561645566287,0.248271142115754,0.248271142115754,0.248271142115754,-0.108222063785189,-0.108222063785189,-0.108222063785189,0,18.003637,17.999994,4.77924068847328,4.78458440768634,-0.00116522185416741,0.000472092357339054,2.51572243568752,2.51188778555349,1000,0
"1B_reliability","loading_0.50","sum",1000,0.6,1000,0.150948993259953,0.0328577839685575,0.384413785033908,0.248271142115754,0.248271142115754,0.248271142115754,-0.0973221488558009,-0.0973221488558009,-0.0973221488558009,0,18.003758,18.000227,3.87880297012661,3.88617895902323,-0.00283846975965548,0.00305281489114582,2.67511025330533,2.67599633245436,1000,0
"1B_reliability","loading_0.70","sum",1000,0.6,1000,0.14157118115226,0.0227451539914572,0.498449952552408,0.248271142115754,0.248271142115754,0.248271142115754,-0.106699960963494,-0.106699960963494,-0.106699960963494,0,17.99927,17.999738,4.77928365546796,4.78015615441422,-0.00149367682390952,-0.00172627506916388,2.51434563389016,2.51067300147426,1000,0
"1B_reliability","loading_0.85","sum",1000,0.6,1000,0.102168402777778,0.020305301430404,0.551086608922247,0.248271142115754,0.248271142115754,0.248271142115754,-0.146102739337976,-0.146102739337976,-0.146102739337976,0,18.001668,17.998536,5.51978573653833,5.52119790120759,1.09391192548228e-05,-0.000459042081454253,2.39789793679891,2.39447157030673,1000,0
"1C_response_categories","n_cat_4","sum",1000,0.6,1000,0.085974417971746,0.0204461919142601,0.490647881097606,0.248271142115754,0.248271142115754,0.248271142115754,-0.162365430763149,-0.162365430763149,-0.162365430763149,0,15.002473,14.998812,4.17991202072465,4.17973425625631,-0.00139160708303954,0.00177876631596783,2.28749516750437,2.28820074495391,1000,0
"1C_response_categories","n_cat_5","sum",1000,0.6,1000,0.140802999274408,0.0223114399838803,0.497947080808843,0.248271142115754,0.248271142115754,0.248271142115754,-0.107468142841346,-0.107468142841346,-0.107468142841346,0,17.994602,18.002226,4.78248976602422,4.77970076321096,-0.000187062119117118,0.00369361502693039,2.51178700805271,2.51146259596714,1000,0
"1C_response_categories","n_cat_7","sum",1000,0.6,1000,0.197242479483812,0.0344939574000283,0.501250136779727,0.248271142115754,0.248271142115754,0.248271142115754,-0.0510286626319418,-0.0510286626319418,-0.0510286626319418,0,23.998143,23.996626,5.26659742037643,5.26660271494471,-0.00249555525433598,0.0013489781158588,2.85656874621486,2.84975751604225,1000,0
"1D_threshold_shift","lower_0.50","sum",1000,0.6,1000,0.134427020740272,0.0297109916043537,0.495313184279005,0.248271142115754,0.248271142115754,0.248271142115754,-0.113844121375482,-0.113844121375482,-0.113844121375482,0,21.070923,21.071366,4.62627004477965,4.62540368086145,-0.273267644576762,-0.271980483974247,2.58076063322497,2.57795062306293,1000,0
"1D_threshold_shift","lower_0.70","sum",1000,0.6,1000,0.130382892574059,0.0350659272694073,0.491278475016062,0.248271142115754,0.248271142115754,0.248271142115754,-0.117888249541695,-0.117888249541695,-0.117888249541695,0,22.245757,22.243565,4.47597459869224,4.47339269934281,-0.398281338174384,-0.395378693611599,2.66753459223926,2.65933186943732,1000,0
"1D_threshold_shift","lower_1.00","sum",1000,0.6,1000,0.12339556790618,0.0429263511367048,0.483189532267983,0.248271142115754,0.248271142115754,0.248271142115754,-0.124875574209573,-0.124875574209573,-0.124875574209573,0,23.900859,23.90081,4.1540191977227,4.15588120796559,-0.609317208592106,-0.609789743478534,2.91097012401836,2.90915654371982,1000,0
"1D_threshold_shift","upper_0.50","sum",1000,0.6,1000,0.134498500902266,0.0292538652128068,0.493501560123331,0.248271142115754,0.248271142115754,0.248271142115754,-0.113772641213488,-0.113772641213488,-0.113772641213488,0,14.931253,14.930724,4.62233137034022,4.62718383355778,0.272637890497879,0.274063048906023,2.58446856836819,2.58373928479713,1000,0
"1D_threshold_shift","upper_0.70","sum",1000,0.6,1000,0.133129913938703,0.0342506375524075,0.492658754579627,0.248271142115754,0.248271142115754,0.248271142115754,-0.115141228177051,-0.115141228177051,-0.115141228177051,0,13.753662,13.757535,4.47460755946944,4.47687959946091,0.398044193232486,0.39652019570593,2.67173993920691,2.66578787646496,1000,0
"1D_threshold_shift","upper_1.00","sum",1000,0.6,1000,0.124853264039968,0.0416341001854094,0.484064252836209,0.248271142115754,0.248271142115754,0.248271142115754,-0.123417878075785,-0.123417878075785,-0.123417878075785,0,12.0949,12.095592,4.15219324299263,4.15583569902397,0.61021559438089,0.610710738013191,2.91703799100518,2.91353627513163,1000,0
"1E_range_restriction","x_lower","sum",1000,0.6,1000,0.147205139251226,0.0317762870205126,0.343337165163586,0.248271142115754,0.248271142115754,0.30984868991619,-0.101066002864528,-0.101066002864528,-0.162643550664964,0.0615775478004362,15.8024442857143,16.6948071428571,3.63515312133337,4.42410085684919,-0.252795361915898,0.0626755211589227,2.59633043659407,2.58207183032882,700,0
"1E_range_restriction","x_upper","sum",1000,0.6,1000,0.0997644326773531,0.0308554592804522,0.3449013886498,0.248271142115754,0.248271142115754,0.0982880614004935,-0.148534771771076,-0.148534771771076,0.00142092486359978,-0.14998308071526,20.1982128571429,19.3004242857143,3.6329545833926,4.42301438495277,0.252498524114583,-0.0609910459305861,2.60129612973867,2.58598770658873,700,0
"1E_range_restriction","y_lower","sum",1000,0.6,1000,0.100384108940805,0.0293625265022685,0.346284903158919,0.248271142115754,0.248271142115754,0.0992981697581233,-0.14781854025974,-0.14781854025974,0.00104991413628794,-0.14897297235763,16.70084,15.80366,4.42300769620681,3.63638455867822,0.0595730472298892,-0.247597183433777,2.58860887780707,2.59590996303909,700,0
"1E_range_restriction","y_upper","sum",1000,0.6,1000,0.150687907896613,0.031951655455434,0.346792173217879,0.248271142115754,0.248271142115754,0.307661423400824,-0.097594645840893,-0.097594645840893,-0.156999646078265,0.0593902812850704,19.3039942857143,20.1954971428571,4.42364863428438,3.63694095719374,-0.0638019062900697,0.253748216128012,2.58932616268056,2.60452063647443,700,0
