"effect_size","ceiling_zone","scope","ceiling_accuracy","fit","slope","intercept","p_value","p_accuracy","threshold_value","observed_test_stat","significant","test_failed","test_error","n_used","x_unique","y_unique","correlation","x_mean_obs","y_mean_obs","x_sd_obs","y_sd_obs","x_skew_obs","y_skew_obs","x_kurtosis_obs","y_kurtosis_obs","block","condition_label","condition_value","score_type","latent_effect_base_full","latent_correlation_base_full","latent_effect_condition_full","latent_correlation_condition_full","latent_effect_condition_selected","latent_correlation_condition_selected","delta_effect_from_base_full","delta_effect_from_condition_full","delta_effect_from_condition_selected","selection_effect_on_latent_d","latent_n_full","latent_n_selected","n_items","loading","n_cat","spacing","shift_direction","shift_magnitude","central_sd","rep_id","n_input","beta","baseline_loading","baseline_n_cat","baseline_spacing","baseline_shift_direction","baseline_shift_magnitude","baseline_central_sd","baseline_restriction","restriction_lower_q","restriction_upper_q","ceiling","test_rep","sample_size","design_beta","design_id"
0.104166666666667,55,528,100,100,NA,NA,0.5,0.692951912174839,0.0558712121212121,0.104166666666667,FALSE,FALSE,NA,250,25,23,0.21298564354896,18.02,18.016,4.83581849972153,5.01801413543782,0.0298400083721072,0.140081812402009,2.63937657470883,2.29434148618755,"1A_score_construction","baseline_scores","baseline","sum",0.132383631557622,0.232248832756741,0.132383631557622,0.232248832756741,0.132383631557622,0.232248832756741,-0.0282169648909554,-0.0282169648909554,-0.0282169648909554,0,250,250,6,0.7,5,"central","none",0,1.2,1,250,0.2,0.7,5,"central","none",0,1.2,"full",0.3,0.7,"ce_fdh",2,250,0.2,1
0.131194359578422,2.968475977686,22.6265518367167,100,100,NA,NA,0.5,0.692951912174839,0.108483854696139,0.131194359578422,FALSE,FALSE,NA,250,233,229,0.215200181215662,0.00090657082228206,0.000803421477674747,0.920430152544615,0.916839014303614,0.0495626772021263,0.101855544939451,2.98157616122348,2.49600079607211,"1A_score_construction","baseline_scores","baseline","factor",0.132383631557622,0.232248832756741,0.132383631557622,0.232248832756741,0.132383631557622,0.232248832756741,-0.00118927197920055,-0.00118927197920055,-0.00118927197920055,0,250,250,6,0.7,5,"central","none",0,1.2,1,250,0.2,0.7,5,"central","none",0,1.2,"full",0.3,0.7,"ce_fdh",2,250,0.2,1
0.104938271604938,34,324,100,100,NA,NA,0.5,0.692951912174839,0.0827160493827161,0.104938271604938,FALSE,FALSE,NA,250,19,19,0.0442316103304056,17.864,17.852,3.90827358428738,3.7628089140554,0.15400397038485,-0.118990846096687,2.70914762169478,2.67845628885669,"1B_reliability","loading_0.50","0.5","sum",0.132383631557622,0.232248832756741,0.132383631557622,0.232248832756741,0.132383631557622,0.232248832756741,-0.0274453599526838,-0.0274453599526838,-0.0274453599526838,0,250,250,6,0.5,5,"central","none",0,1.2,1,250,0.2,0.7,5,"central","none",0,1.2,"full",0.3,0.7,"ce_fdh",2,250,0.2,1
0.147448015122873,78,529,100,100,NA,NA,0.5,0.692951912174839,0.101512287334594,0.147448015122873,FALSE,FALSE,NA,250,23,23,0.227227505062404,17.932,18.168,4.67491124843273,4.90673825685507,0.0618274138958069,-0.00706436334462545,2.56623941538745,2.1835702554147,"1B_reliability","loading_0.70","0.7","sum",0.132383631557622,0.232248832756741,0.132383631557622,0.232248832756741,0.132383631557622,0.232248832756741,0.0150643835652512,0.0150643835652512,0.0150643835652512,0,250,250,6,0.7,5,"central","none",0,1.2,1,250,0.2,0.7,5,"central","none",0,1.2,"full",0.3,0.7,"ce_fdh",2,250,0.2,1
0.09375,54,576,100,100,NA,NA,0.5,0.692951912174839,0.0444444444444444,0.09375,FALSE,FALSE,NA,250,25,25,0.238322411251181,17.972,17.912,5.47825346658739,5.6426602288133,0.062982352094669,0.122657806837055,2.34394569369488,2.27910451763078,"1B_reliability","loading_0.85","0.85","sum",0.132383631557622,0.232248832756741,0.132383631557622,0.232248832756741,0.132383631557622,0.232248832756741,-0.0386336315576221,-0.0386336315576221,-0.0386336315576221,0,250,250,6,0.85,5,"central","none",0,1.2,1,250,0.2,0.7,5,"central","none",0,1.2,"full",0.3,0.7,"ce_fdh",2,250,0.2,1
0.0740740740740741,24,324,100,100,NA,NA,0.5,0.692951912174839,0.0665123456790123,0.0740740740740741,FALSE,FALSE,NA,250,19,19,0.200344315210609,15.068,14.764,4.18346525336406,4.3892329012992,0.0585617922337404,0.169375989686269,2.28152094223493,2.19840917588212,"1C_response_categories","n_cat_4","4","sum",0.132383631557622,0.232248832756741,0.132383631557622,0.232248832756741,0.132383631557622,0.232248832756741,-0.058309557483548,-0.058309557483548,-0.058309557483548,0,250,250,6,0.7,4,"central","none",0,1.2,1,250,0.2,0.7,5,"central","none",0,1.2,"full",0.3,0.7,"ce_fdh",2,250,0.2,1
0.107954545454545,57,528,100,100,NA,NA,0.5,0.692951912174839,0.0603219696969697,0.107954545454545,FALSE,FALSE,NA,250,25,23,0.170835144940111,18.272,18.056,4.74384149487671,4.89209509080824,0.069111521669934,0.058927230525935,2.56087080970049,2.47631744313047,"1C_response_categories","n_cat_5","5","sum",0.132383631557622,0.232248832756741,0.132383631557622,0.232248832756741,0.132383631557622,0.232248832756741,-0.0244290861030766,-0.0244290861030766,-0.0244290861030766,0,250,250,6,0.7,5,"central","none",0,1.2,1,250,0.2,0.7,5,"central","none",0,1.2,"full",0.3,0.7,"ce_fdh",2,250,0.2,1
0.158145065398335,133,841,100,100,NA,NA,0.5,0.692951912174839,0.118787158145065,0.158145065398335,FALSE,FALSE,NA,250,28,26,0.197944975666252,23.956,23.904,5.27421400147295,5.573782576387,0.0440943641676869,0.0112750942316876,2.94755345968993,2.64929549080016,"1C_response_categories","n_cat_7","7","sum",0.132383631557622,0.232248832756741,0.132383631557622,0.232248832756741,0.132383631557622,0.232248832756741,0.0257614338407132,0.0257614338407132,0.0257614338407132,0,250,250,6,0.7,7,"central","none",0,1.2,1,250,0.2,0.7,5,"central","none",0,1.2,"full",0.3,0.7,"ce_fdh",2,250,0.2,1
0.120982986767486,64,529,100,100,NA,NA,0.5,0.692951912174839,0.0872400756143667,0.120982986767486,FALSE,FALSE,NA,250,23,23,0.154462233241726,21.136,21.108,4.53074104952284,4.73052295095989,-0.318694518955637,-0.140665335352383,2.9044910219525,2.57806543624642,"1D_threshold_shift","lower_0.50","lower_0.50","sum",0.132383631557622,0.232248832756741,0.132383631557622,0.232248832756741,0.132383631557622,0.232248832756741,-0.0114006447901363,-0.0114006447901363,-0.0114006447901363,0,250,250,6,0.7,5,"shifted","lower",0.5,1.2,1,250,0.2,0.7,5,"central","none",0,1.2,"full",0.3,0.7,"ce_fdh",2,250,0.2,1
0.0927318295739348,37,399,100,100,NA,NA,0.666666666666667,0.653321328180018,0.12468671679198,0.0927318295739348,FALSE,FALSE,NA,250,21,19,0.199844177279661,22.276,22.196,4.37038040673788,4.55902652893864,-0.273335524155585,-0.278435933985424,2.52729701679896,2.46881569031989,"1D_threshold_shift","lower_0.70","lower_0.70","sum",0.132383631557622,0.232248832756741,0.132383631557622,0.232248832756741,0.132383631557622,0.232248832756741,-0.0396518019836873,-0.0396518019836873,-0.0396518019836873,0,250,250,6,0.7,5,"shifted","lower",0.7,1.2,1,250,0.2,0.7,5,"central","none",0,1.2,"full",0.3,0.7,"ce_fdh",2,250,0.2,1
0.141666666666667,51,360,100,100,NA,NA,0.5,0.692951912174839,0.0904166666666667,0.141666666666667,FALSE,FALSE,NA,250,20,19,0.175423580658949,23.996,24.08,4.10259786439614,4.15773339548748,-0.577576003918014,-0.466439641752801,2.84515448283611,2.57138356059708,"1D_threshold_shift","lower_1.00","lower_1.00","sum",0.132383631557622,0.232248832756741,0.132383631557622,0.232248832756741,0.132383631557622,0.232248832756741,0.00928303510904457,0.00928303510904457,0.00928303510904457,0,250,250,6,0.7,5,"shifted","lower",1,1.2,1,250,0.2,0.7,5,"central","none",0,1.2,"full",0.3,0.7,"ce_fdh",2,250,0.2,1
0.134297520661157,65,484,100,100,NA,NA,0.5,0.692951912174839,0.0680785123966942,0.134297520661157,FALSE,FALSE,NA,250,23,23,0.180924976842457,15.088,14.984,4.63272105977369,4.83624867069708,0.319950166370319,0.372555802458654,2.63648954951206,2.48421522691366,"1D_threshold_shift","upper_0.50","upper_0.50","sum",0.132383631557622,0.232248832756741,0.132383631557622,0.232248832756741,0.132383631557622,0.232248832756741,0.00191388910353493,0.00191388910353493,0.00191388910353493,0,250,250,6,0.7,5,"shifted","upper",0.5,1.2,1,250,0.2,0.7,5,"central","none",0,1.2,"full",0.3,0.7,"ce_fdh",2,250,0.2,1
0.0545454545454545,24,440,100,100,NA,NA,0.5,0.692951912174839,0.00863636363636363,0.0545454545454545,FALSE,FALSE,NA,250,21,21,0.256040326246995,13.82,13.636,4.42560095072979,4.49626172257706,0.42353619671195,0.368062734376511,2.64953834209225,2.4001360413485,"1D_threshold_shift","upper_0.70","upper_0.70","sum",0.132383631557622,0.232248832756741,0.132383631557622,0.232248832756741,0.132383631557622,0.232248832756741,-0.0778381770121676,-0.0778381770121676,-0.0778381770121676,0,250,250,6,0.7,5,"shifted","upper",0.7,1.2,1,250,0.2,0.7,5,"central","none",0,1.2,"full",0.3,0.7,"ce_fdh",2,250,0.2,1
0.0816993464052288,25,306,100,100,NA,NA,0.5,0.692951912174839,0.0450980392156863,0.0816993464052288,FALSE,FALSE,NA,250,19,18,0.159493088813287,12.056,12.08,4.16005869590967,4.1091532658504,0.602603332639865,0.49607182211501,2.51682100641308,2.33588697818329,"1D_threshold_shift","upper_1.00","upper_1.00","sum",0.132383631557622,0.232248832756741,0.132383631557622,0.232248832756741,0.132383631557622,0.232248832756741,-0.0506842851523933,-0.0506842851523933,-0.0506842851523933,0,250,250,6,0.7,5,"shifted","upper",1,1.2,1,250,0.2,0.7,5,"central","none",0,1.2,"full",0.3,0.7,"ce_fdh",2,250,0.2,1
0.152941176470588,52,340,100,100,NA,NA,0.5,0.692951912174839,0.0527941176470588,0.152941176470588,FALSE,FALSE,NA,175,16,21,0.152075082043426,15.84,17.6285714285714,3.48025629918918,4.77352441114285,-0.607531065987776,0.190382413077112,2.92084307714645,2.3058917609668,"1E_range_restriction","x_lower","x_lower","sum",0.132383631557622,0.232248832756741,0.132383631557622,0.232248832756741,0.222062972320195,0.185146557318996,0.0205575449129662,0.0205575449129662,-0.0691217958496071,0.0896793407625733,250,175,6,0.7,5,"central","none",0,1.2,1,250,0.2,0.7,5,"central","none",0,1.2,"full",0.3,0.7,"ce_fdh",2,250,0.2,1
0.0681114551083591,22,323,100,100,NA,NA,0.666666666666667,0.653321328180018,0.0961300309597523,0.0681114551083591,FALSE,FALSE,NA,175,18,20,0.0593451297494691,20.2285714285714,18.8228571428571,3.58064492269163,4.62719880719573,0.396845043759779,-0.0508823786662821,2.57028080174609,2.20215538765985,"1E_range_restriction","x_upper","x_upper","sum",0.132383631557622,0.232248832756741,0.132383631557622,0.232248832756741,0.0228538717265555,0.0822920267164232,-0.064272176449263,-0.064272176449263,0.0452575833818036,-0.109529759831067,250,175,6,0.7,5,"central","none",0,1.2,1,250,0.2,0.7,5,"central","none",0,1.2,"full",0.3,0.7,"ce_fdh",2,250,0.2,1
0.046875,18,384,100,100,NA,NA,0.666666666666667,0.653321328180018,0.0734375,0.046875,FALSE,FALSE,NA,175,25,17,0.133754331166197,17.2514285714286,15.56,4.90656207499005,3.68993660974115,0.0131371365729142,-0.37884441064114,2.6662849033111,2.40198143450261,"1E_range_restriction","y_lower","y_lower","sum",0.132383631557622,0.232248832756741,0.132383631557622,0.232248832756741,0.051632143413896,0.090463844389274,-0.0855086315576221,-0.0855086315576221,-0.00475714341389596,-0.0807514881437261,250,175,6,0.7,5,"central","none",0,1.2,1,250,0.2,0.7,5,"central","none",0,1.2,"full",0.3,0.7,"ce_fdh",2,250,0.2,1
0.117224880382775,49,418,100,100,NA,NA,0.5,0.692951912174839,0.110885167464115,0.117224880382775,FALSE,FALSE,NA,175,23,20,0.224760364874803,18.5257142857143,19.9428571428571,4.49497438763386,3.96640241423616,0.130614097181933,0.316232650880729,2.7310890407394,2.50853030633717,"1E_range_restriction","y_upper","y_upper","sum",0.132383631557622,0.232248832756741,0.132383631557622,0.232248832756741,0.230263322764359,0.220054805479323,-0.015158751174847,-0.015158751174847,-0.113038442381584,0.0978796912067372,250,175,6,0.7,5,"central","none",0,1.2,1,250,0.2,0.7,5,"central","none",0,1.2,"full",0.3,0.7,"ce_fdh",2,250,0.2,1
0.126654064272212,67,529,100,100,NA,NA,0.5,0.692951912174839,0.0978260869565217,0.126654064272212,FALSE,FALSE,NA,250,24,24,0.320222643278366,18.164,17.944,4.65529710809725,4.76652315339887,0.0785392580347497,-0.0848630568546665,2.45294463355439,2.64413544837959,"1A_score_construction","baseline_scores","baseline","sum",0.258068292515253,0.386236195279406,0.258068292515253,0.386236195279406,0.258068292515253,0.386236195279406,-0.131414228243041,-0.131414228243041,-0.131414228243041,0,250,250,6,0.7,5,"central","none",0,1.2,1,250,0.4,0.7,5,"central","none",0,1.2,"full",0.3,0.7,"ce_fdh",2,250,0.4,2
0.155009862135015,3.67151839079901,23.6857083815808,100,100,NA,NA,0.5,0.692951912174839,0.133705082249334,0.155009862135015,FALSE,FALSE,NA,250,235,233,0.308349654427184,-7.31599433741157e-05,-0.000889573441525481,0.897143029268476,0.909515718350015,0.0603578319542563,-0.0699079259325651,2.74997967451233,2.9331720935334,"1A_score_construction","baseline_scores","baseline","factor",0.258068292515253,0.386236195279406,0.258068292515253,0.386236195279406,0.258068292515253,0.386236195279406,-0.103058430380238,-0.103058430380238,-0.103058430380238,0,250,250,6,0.7,5,"central","none",0,1.2,1,250,0.4,0.7,5,"central","none",0,1.2,"full",0.3,0.7,"ce_fdh",2,250,0.4,2
0.160526315789474,61,380,100,100,NA,NA,0.5,0.692951912174839,0.138157894736842,0.160526315789474,FALSE,FALSE,NA,250,20,20,0.229575304889855,17.96,18.296,3.83578584022208,3.72125988079328,0.125708420606114,-0.120656514061842,2.8518984655053,2.65463602090681,"1B_reliability","loading_0.50","0.5","sum",0.258068292515253,0.386236195279406,0.258068292515253,0.386236195279406,0.258068292515253,0.386236195279406,-0.097541976725779,-0.097541976725779,-0.097541976725779,0,250,250,6,0.5,5,"central","none",0,1.2,1,250,0.4,0.7,5,"central","none",0,1.2,"full",0.3,0.7,"ce_fdh",2,250,0.4,2
0.106884057971014,59,552,100,100,NA,NA,0.5,0.692951912174839,0.103170289855072,0.106884057971014,FALSE,FALSE,NA,250,24,24,0.285457106954671,18.116,17.896,4.77595887048142,4.65142203069454,-0.0241568603243392,0.0219051892730607,2.46361073466106,2.50929875291884,"1B_reliability","loading_0.70","0.7","sum",0.258068292515253,0.386236195279406,0.258068292515253,0.386236195279406,0.258068292515253,0.386236195279406,-0.151184234544238,-0.151184234544238,-0.151184234544238,0,250,250,6,0.7,5,"central","none",0,1.2,1,250,0.4,0.7,5,"central","none",0,1.2,"full",0.3,0.7,"ce_fdh",2,250,0.4,2
0.0996376811594203,55,552,100,100,NA,NA,0.5,0.692951912174839,0.0457427536231884,0.0996376811594203,FALSE,FALSE,NA,250,25,24,0.310372667771514,18.116,18.264,5.38540195499533,5.46936557923837,-0.0817596805707526,0.0456237029936056,2.41138609001284,2.29744075334493,"1B_reliability","loading_0.85","0.85","sum",0.258068292515253,0.386236195279406,0.258068292515253,0.386236195279406,0.258068292515253,0.386236195279406,-0.158430611355832,-0.158430611355832,-0.158430611355832,0,250,250,6,0.85,5,"central","none",0,1.2,1,250,0.4,0.7,5,"central","none",0,1.2,"full",0.3,0.7,"ce_fdh",2,250,0.4,2
0.104938271604938,34,324,100,100,NA,NA,0.5,0.692951912174839,0.0936728395061728,0.104938271604938,FALSE,FALSE,NA,250,19,19,0.341035478944575,15.116,14.888,4.16990364223709,4.14925550974395,-0.117953455422899,-0.0798076092089059,2.24526252327812,2.25300713286602,"1C_response_categories","n_cat_4","4","sum",0.258068292515253,0.386236195279406,0.258068292515253,0.386236195279406,0.258068292515253,0.386236195279406,-0.153130020910314,-0.153130020910314,-0.153130020910314,0,250,250,6,0.7,4,"central","none",0,1.2,1,250,0.4,0.7,5,"central","none",0,1.2,"full",0.3,0.7,"ce_fdh",2,250,0.4,2
0.0775047258979206,41,529,100,100,NA,NA,1,0,0.120888468809074,0.0775047258979206,FALSE,FALSE,NA,250,24,24,0.303743420783664,18.3,18.064,4.67605195088651,4.79330858895144,-0.15828013748035,0.174248659913708,2.5274118568548,2.46204807818393,"1C_response_categories","n_cat_5","5","sum",0.258068292515253,0.386236195279406,0.258068292515253,0.386236195279406,0.258068292515253,0.386236195279406,-0.180563566617332,-0.180563566617332,-0.180563566617332,0,250,250,6,0.7,5,"central","none",0,1.2,1,250,0.4,0.7,5,"central","none",0,1.2,"full",0.3,0.7,"ce_fdh",2,250,0.4,2
0.153921568627451,157,1020,100,100,NA,NA,0.5,0.692951912174839,0.13828431372549,0.153921568627451,FALSE,FALSE,NA,250,29,28,0.309693988084129,24.088,23.844,5.31575819056532,5.35821854948978,-0.064222328914373,0.190841835832913,3.31484226736603,3.0148251391231,"1C_response_categories","n_cat_7","7","sum",0.258068292515253,0.386236195279406,0.258068292515253,0.386236195279406,0.258068292515253,0.386236195279406,-0.104146723887802,-0.104146723887802,-0.104146723887802,0,250,250,6,0.7,7,"central","none",0,1.2,1,250,0.4,0.7,5,"central","none",0,1.2,"full",0.3,0.7,"ce_fdh",2,250,0.4,2
0.169565217391304,78,460,100,100,NA,NA,0.5,0.692951912174839,0.0659782608695652,0.169565217391304,FALSE,FALSE,NA,250,22,21,0.34527042986903,20.876,21.076,4.64877061953936,4.47462995710394,-0.323565080862598,-0.18732903740122,2.64959559723094,2.4684663805058,"1D_threshold_shift","lower_0.50","lower_0.50","sum",0.258068292515253,0.386236195279406,0.258068292515253,0.386236195279406,0.258068292515253,0.386236195279406,-0.0885030751239483,-0.0885030751239483,-0.0885030751239483,0,250,250,6,0.7,5,"shifted","lower",0.5,1.2,1,250,0.4,0.7,5,"central","none",0,1.2,"full",0.3,0.7,"ce_fdh",2,250,0.4,2
0.126086956521739,58,460,100,100,NA,NA,0.5,0.692951912174839,0.098695652173913,0.126086956521739,FALSE,FALSE,NA,250,21,21,0.308705648799736,22.252,22.456,4.50752338521644,4.37040797448634,-0.530566750247232,-0.448312892553019,2.72127221557948,2.58314455363645,"1D_threshold_shift","lower_0.70","lower_0.70","sum",0.258068292515253,0.386236195279406,0.258068292515253,0.386236195279406,0.258068292515253,0.386236195279406,-0.131981335993514,-0.131981335993514,-0.131981335993514,0,250,250,6,0.7,5,"shifted","lower",0.7,1.2,1,250,0.4,0.7,5,"central","none",0,1.2,"full",0.3,0.7,"ce_fdh",2,250,0.4,2
0.121739130434783,56,460,100,100,NA,NA,0.5,0.692951912174839,0.0560869565217391,0.121739130434783,FALSE,FALSE,NA,250,20,19,0.316513549536298,24.004,23.992,4.20317149333805,3.89726708900637,-0.797230957922141,-0.673930969455167,3.56093544525866,3.05928415083592,"1D_threshold_shift","lower_1.00","lower_1.00","sum",0.258068292515253,0.386236195279406,0.258068292515253,0.386236195279406,0.258068292515253,0.386236195279406,-0.13632916208047,-0.13632916208047,-0.13632916208047,0,250,250,6,0.7,5,"shifted","lower",1,1.2,1,250,0.4,0.7,5,"central","none",0,1.2,"full",0.3,0.7,"ce_fdh",2,250,0.4,2
0.101731601731602,47,462,100,100,NA,NA,0.5,0.692951912174839,0.0902597402597403,0.101731601731602,FALSE,FALSE,NA,250,22,22,0.307543523518429,15.084,14.868,4.44567205268225,4.55517006237844,0.18486243388646,0.300030810800538,2.4079139593781,2.59717503559561,"1D_threshold_shift","upper_0.50","upper_0.50","sum",0.258068292515253,0.386236195279406,0.258068292515253,0.386236195279406,0.258068292515253,0.386236195279406,-0.156336690783651,-0.156336690783651,-0.156336690783651,0,250,250,6,0.7,5,"shifted","upper",0.5,1.2,1,250,0.4,0.7,5,"central","none",0,1.2,"full",0.3,0.7,"ce_fdh",2,250,0.4,2
0.131519274376417,58,441,100,100,NA,NA,0.5,0.692951912174839,0.0378684807256236,0.131519274376417,FALSE,FALSE,NA,250,21,22,0.374108360142139,13.988,13.62,4.6044172958734,4.49939755003412,0.278109978115025,0.441915472444017,2.44990310352693,2.62700269524965,"1D_threshold_shift","upper_0.70","upper_0.70","sum",0.258068292515253,0.386236195279406,0.258068292515253,0.386236195279406,0.258068292515253,0.386236195279406,-0.126549018138835,-0.126549018138835,-0.126549018138835,0,250,250,6,0.7,5,"shifted","upper",0.7,1.2,1,250,0.4,0.7,5,"central","none",0,1.2,"full",0.3,0.7,"ce_fdh",2,250,0.4,2
0.075187969924812,30,399,100,100,NA,NA,0.666666666666667,0.653321328180018,0.093984962406015,0.075187969924812,FALSE,FALSE,NA,250,19,20,0.239437530843533,12.012,12.112,3.91934958951345,4.12401332972811,0.574245518485747,0.635236817383152,3.00952047748127,3.06129052478209,"1D_threshold_shift","upper_1.00","upper_1.00","sum",0.258068292515253,0.386236195279406,0.258068292515253,0.386236195279406,0.258068292515253,0.386236195279406,-0.182880322590441,-0.182880322590441,-0.182880322590441,0,250,250,6,0.7,5,"shifted","upper",1,1.2,1,250,0.4,0.7,5,"central","none",0,1.2,"full",0.3,0.7,"ce_fdh",2,250,0.4,2
0.153318077803204,67,437,100,100,NA,NA,0.5,0.692951912174839,0.107780320366133,0.153318077803204,FALSE,FALSE,NA,175,19,24,0.333350696094639,15.8914285714286,17.2571428571429,3.56139674819158,4.78228806599322,-0.358502597881377,0.181303715575763,2.98181898950636,2.62310112076267,"1E_range_restriction","x_lower","x_lower","sum",0.258068292515253,0.386236195279406,0.258068292515253,0.386236195279406,0.386426504566957,0.352769166740247,-0.104750214712049,-0.104750214712049,-0.233108426763753,0.128358212051704,250,175,6,0.7,5,"central","none",0,1.2,1,250,0.4,0.7,5,"central","none",0,1.2,"full",0.3,0.7,"ce_fdh",2,250,0.4,2
0.0537084398976982,21,391,100,100,NA,NA,0.666666666666667,0.653321328180018,0.0622762148337596,0.0537084398976982,FALSE,FALSE,NA,175,18,23,0.226361662599637,20.3028571428571,18.8171428571429,3.71773365290701,4.59394189500117,0.144019322117052,0.0709338663085922,2.51212264829453,2.44183690840278,"1E_range_restriction","x_upper","x_upper","sum",0.258068292515253,0.386236195279406,0.258068292515253,0.386236195279406,0.0658531774589149,0.256886465918538,-0.204359852617554,-0.204359852617554,-0.0121447375612167,-0.192215115056338,250,175,6,0.7,5,"central","none",0,1.2,1,250,0.4,0.7,5,"central","none",0,1.2,"full",0.3,0.7,"ce_fdh",2,250,0.4,2
0.111111111111111,46,414,100,100,NA,NA,0.5,0.692951912174839,0.0894927536231884,0.111111111111111,FALSE,FALSE,NA,175,23,18,0.2552294088877,17.1828571428571,15.8114285714286,4.71982159914444,3.5353527704916,-0.0294248969994951,-0.498335421308877,2.52268310379551,2.84650313864036,"1E_range_restriction","y_lower","y_lower","sum",0.258068292515253,0.386236195279406,0.258068292515253,0.386236195279406,0.108686312240741,0.288153261542605,-0.146957181404142,-0.146957181404142,0.00242479887036987,-0.149381980274511,250,175,6,0.7,5,"central","none",0,1.2,1,250,0.4,0.7,5,"central","none",0,1.2,"full",0.3,0.7,"ce_fdh",2,250,0.4,2
0.166666666666667,76,456,100,100,NA,NA,0.5,0.692951912174839,0.164254385964912,0.166666666666667,FALSE,FALSE,NA,175,23,19,0.281020151795124,19.0114285714286,20.3028571428571,4.67813275873765,3.66949883156772,-0.127734004666106,0.344333478877397,2.63745562356697,2.67892188942153,"1E_range_restriction","y_upper","y_upper","sum",0.258068292515253,0.386236195279406,0.258068292515253,0.386236195279406,0.422869751847611,0.264566303621386,-0.091401625848586,-0.091401625848586,-0.256203085180944,0.164801459332358,250,175,6,0.7,5,"central","none",0,1.2,1,250,0.4,0.7,5,"central","none",0,1.2,"full",0.3,0.7,"ce_fdh",2,250,0.4,2
0.196969696969697,104,528,100,100,NA,NA,0.5,0.692951912174839,0.071875,0.196969696969697,FALSE,FALSE,NA,250,24,23,0.541219067559375,17.904,17.916,4.62996005603525,4.6349622977979,-0.160262417000944,-0.0247797526215842,2.57046258020644,2.72242491923949,"1A_score_construction","baseline_scores","baseline","sum",0.318813381619347,0.586292750440539,0.318813381619347,0.586292750440539,0.318813381619347,0.586292750440539,-0.12184368464965,-0.12184368464965,-0.12184368464965,0,250,250,6,0.7,5,"central","none",0,1.2,1,250,0.6,0.7,5,"central","none",0,1.2,"full",0.3,0.7,"ce_fdh",2,250,0.6,3
0.210957038741114,5.1271464267647,24.3042206951753,100,100,NA,NA,0.5,0.692951912174839,0.0840079822611128,0.210957038741114,FALSE,FALSE,NA,250,232,230,0.542293002180012,-0.00203554767390149,-0.00149002357449207,0.894486205233156,0.908215155989355,-0.144326827064392,-0.0692104539625041,2.84502055823223,2.92113480987432,"1A_score_construction","baseline_scores","baseline","factor",0.318813381619347,0.586292750440539,0.318813381619347,0.586292750440539,0.318813381619347,0.586292750440539,-0.107856342878232,-0.107856342878232,-0.107856342878232,0,250,250,6,0.7,5,"central","none",0,1.2,1,250,0.6,0.7,5,"central","none",0,1.2,"full",0.3,0.7,"ce_fdh",2,250,0.6,3
0.258503401360544,114,441,100,100,NA,NA,0.5,0.692951912174839,0.162358276643991,0.258503401360544,FALSE,FALSE,NA,250,20,21,0.416725771618238,17.696,18.068,3.81231148720852,3.70381546462347,-0.141393036271977,0.287982609354378,2.94019522690845,2.90385179065114,"1B_reliability","loading_0.50","0.5","sum",0.318813381619347,0.586292750440539,0.318813381619347,0.586292750440539,0.318813381619347,0.586292750440539,-0.0603099802588023,-0.0603099802588023,-0.0603099802588023,0,250,250,6,0.5,5,"central","none",0,1.2,1,250,0.6,0.7,5,"central","none",0,1.2,"full",0.3,0.7,"ce_fdh",2,250,0.6,3
0.172101449275362,95,552,100,100,NA,NA,0.5,0.692951912174839,0.0818840579710145,0.172101449275362,FALSE,FALSE,NA,250,24,24,0.436840245795905,18.012,17.776,4.86482498023859,4.92981096438579,-0.105031027633521,0.0801068633220787,2.70358960878094,2.54431087412116,"1B_reliability","loading_0.70","0.7","sum",0.318813381619347,0.586292750440539,0.318813381619347,0.586292750440539,0.318813381619347,0.586292750440539,-0.146711932343984,-0.146711932343984,-0.146711932343984,0,250,250,6,0.7,5,"central","none",0,1.2,1,250,0.6,0.7,5,"central","none",0,1.2,"full",0.3,0.7,"ce_fdh",2,250,0.6,3
0.15625,90,576,100,100,NA,NA,0.5,0.692951912174839,0.0524305555555556,0.15625,FALSE,FALSE,NA,250,24,25,0.534521075258055,17.948,18.068,5.38864043921401,5.46689342266512,-0.1461992265324,0.0693018914575519,2.61541565406887,2.41179376007177,"1B_reliability","loading_0.85","0.85","sum",0.318813381619347,0.586292750440539,0.318813381619347,0.586292750440539,0.318813381619347,0.586292750440539,-0.162563381619347,-0.162563381619347,-0.162563381619347,0,250,250,6,0.85,5,"central","none",0,1.2,1,250,0.6,0.7,5,"central","none",0,1.2,"full",0.3,0.7,"ce_fdh",2,250,0.6,3
0.132716049382716,43,324,100,100,NA,NA,0.5,0.692951912174839,0.0487654320987654,0.132716049382716,FALSE,FALSE,NA,250,19,19,0.442653037276085,15.12,14.884,4.06592263915959,4.14478721337739,-0.113206114409542,0.060783200642234,2.46917893062075,2.30183807309613,"1C_response_categories","n_cat_4","4","sum",0.318813381619347,0.586292750440539,0.318813381619347,0.586292750440539,0.318813381619347,0.586292750440539,-0.18609733223663,-0.18609733223663,-0.18609733223663,0,250,250,6,0.7,4,"central","none",0,1.2,1,250,0.6,0.7,5,"central","none",0,1.2,"full",0.3,0.7,"ce_fdh",2,250,0.6,3
0.208333333333333,115,552,100,100,NA,NA,0.5,0.692951912174839,0.0969202898550725,0.208333333333333,FALSE,FALSE,NA,250,24,23,0.44837339395734,18.024,18.088,4.48552155434102,4.63965100473981,-0.184855110840022,0.192431825406117,2.82697271091477,2.69531529124649,"1C_response_categories","n_cat_5","5","sum",0.318813381619347,0.586292750440539,0.318813381619347,0.586292750440539,0.318813381619347,0.586292750440539,-0.110480048286013,-0.110480048286013,-0.110480048286013,0,250,250,6,0.7,5,"central","none",0,1.2,1,250,0.6,0.7,5,"central","none",0,1.2,"full",0.3,0.7,"ce_fdh",2,250,0.6,3
0.305854241338112,256,837,100,100,NA,NA,0.5,0.692951912174839,0.127479091995221,0.305854241338112,FALSE,FALSE,NA,250,29,26,0.51020772521338,23.964,24.032,5.14085767850878,5.19257424686802,-0.225762053393514,0.0193554575729065,3.1149936427265,2.61657178499648,"1C_response_categories","n_cat_7","7","sum",0.318813381619347,0.586292750440539,0.318813381619347,0.586292750440539,0.318813381619347,0.586292750440539,-0.0129591402812342,-0.0129591402812342,-0.0129591402812342,0,250,250,6,0.7,7,"central","none",0,1.2,1,250,0.6,0.7,5,"central","none",0,1.2,"full",0.3,0.7,"ce_fdh",2,250,0.6,3
0.251984126984127,127,504,100,100,NA,NA,0.5,0.692951912174839,0.0844246031746032,0.251984126984127,FALSE,FALSE,NA,250,24,22,0.427527650100396,20.836,21.02,4.52759322395535,4.65125107322586,-0.415835723623293,-0.117831251054367,2.89336645329772,2.44090020092655,"1D_threshold_shift","lower_0.50","lower_0.50","sum",0.318813381619347,0.586292750440539,0.318813381619347,0.586292750440539,0.318813381619347,0.586292750440539,-0.0668292546352195,-0.0668292546352195,-0.0668292546352195,0,250,250,6,0.7,5,"shifted","lower",0.5,1.2,1,250,0.6,0.7,5,"central","none",0,1.2,"full",0.3,0.7,"ce_fdh",2,250,0.6,3
0.208695652173913,96,460,100,100,NA,NA,0.5,0.692951912174839,0.124239130434783,0.208695652173913,FALSE,FALSE,NA,250,23,20,0.485155981348741,22.192,22.092,4.53047866651982,4.35700239608817,-0.477198954097923,-0.243054162701327,2.92526768922619,2.48465865143132,"1D_threshold_shift","lower_0.70","lower_0.70","sum",0.318813381619347,0.586292750440539,0.318813381619347,0.586292750440539,0.318813381619347,0.586292750440539,-0.110117729445433,-0.110117729445433,-0.110117729445433,0,250,250,6,0.7,5,"shifted","lower",0.7,1.2,1,250,0.6,0.7,5,"central","none",0,1.2,"full",0.3,0.7,"ce_fdh",2,250,0.6,3
0.1441647597254,63,437,100,100,NA,NA,0.5,0.692951912174839,0.118993135011442,0.1441647597254,FALSE,FALSE,NA,250,20,20,0.380011569370124,24.088,23.892,4.12654449605377,4.12168523259922,-0.937523267692583,-0.699232866825661,3.95570351317742,3.22948855091031,"1D_threshold_shift","lower_1.00","lower_1.00","sum",0.318813381619347,0.586292750440539,0.318813381619347,0.586292750440539,0.318813381619347,0.586292750440539,-0.174648621893946,-0.174648621893946,-0.174648621893946,0,250,250,6,0.7,5,"shifted","lower",1,1.2,1,250,0.6,0.7,5,"central","none",0,1.2,"full",0.3,0.7,"ce_fdh",2,250,0.6,3
0.142857142857143,72,504,100,100,NA,NA,0.5,0.692951912174839,0.0411706349206349,0.142857142857143,FALSE,FALSE,NA,250,23,22,0.481270993879881,14.968,15.032,4.53533383689097,4.6021402389667,0.262827691260049,0.350119784017063,2.80205357734218,2.4275880311793,"1D_threshold_shift","upper_0.50","upper_0.50","sum",0.318813381619347,0.586292750440539,0.318813381619347,0.586292750440539,0.318813381619347,0.586292750440539,-0.175956238762204,-0.175956238762204,-0.175956238762204,0,250,250,6,0.7,5,"shifted","upper",0.5,1.2,1,250,0.6,0.7,5,"central","none",0,1.2,"full",0.3,0.7,"ce_fdh",2,250,0.6,3
0.183333333333333,77,420,100,100,NA,NA,0.5,0.692951912174839,0.114761904761905,0.183333333333333,FALSE,FALSE,NA,250,21,20,0.492501742172934,14.056,13.784,4.38746663278654,4.4271596957742,0.286754895031981,0.324023537270415,2.69690646996217,2.54511371415866,"1D_threshold_shift","upper_0.70","upper_0.70","sum",0.318813381619347,0.586292750440539,0.318813381619347,0.586292750440539,0.318813381619347,0.586292750440539,-0.135480048286013,-0.135480048286013,-0.135480048286013,0,250,250,6,0.7,5,"shifted","upper",0.7,1.2,1,250,0.6,0.7,5,"central","none",0,1.2,"full",0.3,0.7,"ce_fdh",2,250,0.6,3
0.152046783625731,52,342,100,100,NA,NA,0.5,0.692951912174839,0.0111111111111111,0.152046783625731,FALSE,FALSE,NA,250,18,19,0.459329275738637,11.96,12.192,3.973607709995,4.2552986105631,0.600164576862588,0.573068220191082,2.86525784625129,2.77588826049064,"1D_threshold_shift","upper_1.00","upper_1.00","sum",0.318813381619347,0.586292750440539,0.318813381619347,0.586292750440539,0.318813381619347,0.586292750440539,-0.166766597993616,-0.166766597993616,-0.166766597993616,0,250,250,6,0.7,5,"shifted","upper",1,1.2,1,250,0.6,0.7,5,"central","none",0,1.2,"full",0.3,0.7,"ce_fdh",2,250,0.6,3
0.18546365914787,74,399,100,100,NA,NA,0.5,0.692951912174839,0.111654135338346,0.18546365914787,FALSE,FALSE,NA,175,20,20,0.253092890896256,15.8514285714286,16.7428571428571,3.80421510237736,4.4070401954228,-0.287822974178174,-0.0586851124338417,2.60024784641983,2.28964780835776,"1E_range_restriction","x_lower","x_lower","sum",0.318813381619347,0.586292750440539,0.318813381619347,0.586292750440539,0.440899386372549,0.437180173368866,-0.133349722471477,-0.133349722471477,-0.25543572722468,0.122086004753203,250,175,6,0.7,5,"central","none",0,1.2,1,250,0.6,0.7,5,"central","none",0,1.2,"full",0.3,0.7,"ce_fdh",2,250,0.6,3
0.199488491048593,78,391,100,100,NA,NA,0.5,0.692951912174839,0.0736572890025575,0.199488491048593,FALSE,FALSE,NA,175,16,22,0.376428464986179,20.2114285714286,19.0114285714286,3.31591178048521,4.49647188823723,0.463270577305721,-0.0161298780797677,3.05942871651167,2.54186124764226,"1E_range_restriction","x_upper","x_upper","sum",0.318813381619347,0.586292750440539,0.318813381619347,0.586292750440539,0.105619386276478,0.500224210552681,-0.119324890570753,-0.119324890570753,0.0938691047721155,-0.213193995342869,250,175,6,0.7,5,"central","none",0,1.2,1,250,0.6,0.7,5,"central","none",0,1.2,"full",0.3,0.7,"ce_fdh",2,250,0.6,3
0.123249299719888,44,357,100,100,NA,NA,0.666666666666667,0.653321328180018,0.12843137254902,0.123249299719888,FALSE,FALSE,NA,175,22,18,0.264884775977199,16.8114285714286,16.0457142857143,4.69456591144273,3.54254461251955,-0.168586396454238,-0.251088253071022,2.63223225952638,2.61692605447305,"1E_range_restriction","y_lower","y_lower","sum",0.318813381619347,0.586292750440539,0.318813381619347,0.586292750440539,0.18451570409443,0.421815761350752,-0.195564081899459,-0.195564081899459,-0.0612664043745424,-0.134297677524916,250,175,6,0.7,5,"central","none",0,1.2,1,250,0.6,0.7,5,"central","none",0,1.2,"full",0.3,0.7,"ce_fdh",2,250,0.6,3
0.191176470588235,65,340,100,100,NA,NA,0.5,0.692951912174839,0.0847058823529412,0.191176470588235,FALSE,FALSE,NA,175,21,18,0.265811392395446,19.5028571428571,20.1485714285714,4.20846749855231,3.7294549406517,-0.0353642173404782,0.521140238024485,2.33119070720542,2.95155051765095,"1E_range_restriction","y_upper","y_upper","sum",0.318813381619347,0.586292750440539,0.318813381619347,0.586292750440539,0.314242250762593,0.484893914605306,-0.127636911031111,-0.127636911031111,-0.123065780174358,-0.00457113085675342,250,175,6,0.7,5,"central","none",0,1.2,1,250,0.6,0.7,5,"central","none",0,1.2,"full",0.3,0.7,"ce_fdh",2,250,0.6,3
0.0890151515151515,47,528,100,100,NA,NA,0.5,0.692951912174839,0.0856060606060606,0.0890151515151515,FALSE,FALSE,NA,500,25,23,0.207224106150168,17.922,18.128,4.82311526731049,4.73798617833063,-0.0655362681374626,0.0299632568456922,2.38197435009493,2.40375424332991,"1A_score_construction","baseline_scores","baseline","sum",0.172325357476952,0.227235155189334,0.172325357476952,0.227235155189334,0.172325357476952,0.227235155189334,-0.0833102059618002,-0.0833102059618002,-0.0833102059618002,0,500,500,6,0.7,5,"central","none",0,1.2,1,500,0.2,0.7,5,"central","none",0,1.2,"full",0.3,0.7,"ce_fdh",2,500,0.2,4
0.124892219623722,2.99068652674753,23.946139605477,100,100,NA,NA,0.5,0.692951912174839,0.0913231242170175,0.124892219623722,FALSE,FALSE,NA,500,441,431,0.200201775990881,-0.001338840471977,0.00209129630390198,0.905304385050717,0.902046196902859,-0.0834071595891552,0.0865936105712576,2.66638115211399,2.66416594530813,"1A_score_construction","baseline_scores","baseline","factor",0.172325357476952,0.227235155189334,0.172325357476952,0.227235155189334,0.172325357476952,0.227235155189334,-0.0474331378532301,-0.0474331378532301,-0.0474331378532301,0,500,500,6,0.7,5,"central","none",0,1.2,1,500,0.2,0.7,5,"central","none",0,1.2,"full",0.3,0.7,"ce_fdh",2,500,0.2,4
0.100250626566416,40,399,100,100,NA,NA,0.666666666666667,0.653321328180018,0.107268170426065,0.100250626566416,FALSE,FALSE,NA,500,20,22,0.13839609467004,18.062,17.946,3.85433103605164,3.83830028765291,-0.108696560861297,0.0286492639485605,2.52509119842955,2.5241544325178,"1B_reliability","loading_0.50","0.5","sum",0.172325357476952,0.227235155189334,0.172325357476952,0.227235155189334,0.172325357476952,0.227235155189334,-0.0720747309105357,-0.0720747309105357,-0.0720747309105357,0,500,500,6,0.5,5,"central","none",0,1.2,1,500,0.2,0.7,5,"central","none",0,1.2,"full",0.3,0.7,"ce_fdh",2,500,0.2,4
0.0815217391304348,45,552,100,100,NA,NA,0.5,0.692951912174839,0.0620471014492754,0.0815217391304348,FALSE,FALSE,NA,500,25,24,0.198664954186586,18.09,17.998,4.8179170446676,4.63778115353195,-0.0819557162545823,0.0110150458498195,2.50801322239243,2.55614774781379,"1B_reliability","loading_0.70","0.7","sum",0.172325357476952,0.227235155189334,0.172325357476952,0.227235155189334,0.172325357476952,0.227235155189334,-0.090803618346517,-0.090803618346517,-0.090803618346517,0,500,500,6,0.7,5,"central","none",0,1.2,1,500,0.2,0.7,5,"central","none",0,1.2,"full",0.3,0.7,"ce_fdh",2,500,0.2,4
0.0451388888888889,26,576,100,100,NA,NA,0.5,0.692951912174839,0.0236111111111111,0.0451388888888889,FALSE,FALSE,NA,500,25,25,0.189151367526063,18.038,17.886,5.46188799234127,5.55578414582045,-0.0339273222606574,-0.0769332867982423,2.34460098936308,2.37918723080435,"1B_reliability","loading_0.85","0.85","sum",0.172325357476952,0.227235155189334,0.172325357476952,0.227235155189334,0.172325357476952,0.227235155189334,-0.127186468588063,-0.127186468588063,-0.127186468588063,0,500,500,6,0.85,5,"central","none",0,1.2,1,500,0.2,0.7,5,"central","none",0,1.2,"full",0.3,0.7,"ce_fdh",2,500,0.2,4
0.0524691358024691,17,324,100,100,NA,NA,0.5,0.692951912174839,0.0439814814814815,0.0524691358024691,FALSE,FALSE,NA,500,19,19,0.188784081440845,14.99,15.096,4.12892189221157,4.17392228659196,0.0231342749248858,-0.107324700275393,2.26884861611079,2.23563117018176,"1C_response_categories","n_cat_4","4","sum",0.172325357476952,0.227235155189334,0.172325357476952,0.227235155189334,0.172325357476952,0.227235155189334,-0.119856221674483,-0.119856221674483,-0.119856221674483,0,500,500,6,0.7,4,"central","none",0,1.2,1,500,0.2,0.7,5,"central","none",0,1.2,"full",0.3,0.7,"ce_fdh",2,500,0.2,4
0.0960144927536232,53,552,100,100,NA,NA,0.666666666666667,0.653321328180018,0.0958333333333333,0.0960144927536232,FALSE,FALSE,NA,500,25,24,0.186690471449146,18.106,17.956,4.65210147096905,4.75175993131911,-0.0370238458888564,0.029103842233315,2.37534147454183,2.4979573222304,"1C_response_categories","n_cat_5","5","sum",0.172325357476952,0.227235155189334,0.172325357476952,0.227235155189334,0.172325357476952,0.227235155189334,-0.0763108647233286,-0.0763108647233286,-0.0763108647233286,0,500,500,6,0.7,5,"central","none",0,1.2,1,500,0.2,0.7,5,"central","none",0,1.2,"full",0.3,0.7,"ce_fdh",2,500,0.2,4
0.171717171717172,170,990,100,100,NA,NA,0.5,0.692951912174839,0.160909090909091,0.171717171717172,FALSE,FALSE,NA,500,30,31,0.193694543716003,24.222,23.962,5.15925885218096,5.37683705848587,-0.061145481105832,-0.0101176604586681,2.81351817343866,2.87686112206241,"1C_response_categories","n_cat_7","7","sum",0.172325357476952,0.227235155189334,0.172325357476952,0.227235155189334,0.172325357476952,0.227235155189334,-0.000608185759780056,-0.000608185759780056,-0.000608185759780056,0,500,500,6,0.7,7,"central","none",0,1.2,1,500,0.2,0.7,5,"central","none",0,1.2,"full",0.3,0.7,"ce_fdh",2,500,0.2,4
0.111742424242424,59,528,100,100,NA,NA,0.5,0.692951912174839,0.0739583333333333,0.111742424242424,FALSE,FALSE,NA,500,23,23,0.149398229286789,21.12,21.098,4.68930476278911,4.46276018366591,-0.307403251809767,-0.306460255129794,2.56730511622657,2.6884395115587,"1D_threshold_shift","lower_0.50","lower_0.50","sum",0.172325357476952,0.227235155189334,0.172325357476952,0.227235155189334,0.172325357476952,0.227235155189334,-0.0605829332345275,-0.0605829332345275,-0.0605829332345275,0,500,500,6,0.7,5,"shifted","lower",0.5,1.2,1,500,0.2,0.7,5,"central","none",0,1.2,"full",0.3,0.7,"ce_fdh",2,500,0.2,4
0.0636363636363636,28,440,100,100,NA,NA,0.5,0.692951912174839,0.0417045454545455,0.0636363636363636,FALSE,FALSE,NA,500,23,21,0.208845637318901,22.232,22.11,4.54086058249527,4.36210452784245,-0.437199045342054,-0.306956683899744,2.76158234467642,2.49950213241094,"1D_threshold_shift","lower_0.70","lower_0.70","sum",0.172325357476952,0.227235155189334,0.172325357476952,0.227235155189334,0.172325357476952,0.227235155189334,-0.108688993840588,-0.108688993840588,-0.108688993840588,0,500,500,6,0.7,5,"shifted","lower",0.7,1.2,1,500,0.2,0.7,5,"central","none",0,1.2,"full",0.3,0.7,"ce_fdh",2,500,0.2,4
0.0868421052631579,33,380,100,100,NA,NA,0.5,0.692951912174839,0.0575,0.0868421052631579,FALSE,FALSE,NA,500,20,20,0.208495403837927,24.004,23.854,4.14322539011173,4.18805008650256,-0.588628755305395,-0.593157822544517,2.84593897881999,2.672604285309,"1D_threshold_shift","lower_1.00","lower_1.00","sum",0.172325357476952,0.227235155189334,0.172325357476952,0.227235155189334,0.172325357476952,0.227235155189334,-0.0854832522137939,-0.0854832522137939,-0.0854832522137939,0,500,500,6,0.7,5,"shifted","lower",1,1.2,1,500,0.2,0.7,5,"central","none",0,1.2,"full",0.3,0.7,"ce_fdh",2,500,0.2,4
0.056710775047259,30,529,100,100,NA,NA,0.666666666666667,0.653321328180018,0.0562381852551985,0.056710775047259,FALSE,FALSE,NA,500,22,24,0.210151420468884,14.804,14.87,4.6234550580001,4.7092945235799,0.260639654060888,0.217924833556406,2.34817385398166,2.39261112243197,"1D_threshold_shift","upper_0.50","upper_0.50","sum",0.172325357476952,0.227235155189334,0.172325357476952,0.227235155189334,0.172325357476952,0.227235155189334,-0.115614582429693,-0.115614582429693,-0.115614582429693,0,500,500,6,0.7,5,"shifted","upper",0.5,1.2,1,500,0.2,0.7,5,"central","none",0,1.2,"full",0.3,0.7,"ce_fdh",2,500,0.2,4
0.0694444444444444,35,504,100,100,NA,NA,0.5,0.692951912174839,0.0603174603174603,0.0694444444444444,FALSE,FALSE,NA,500,22,22,0.178728257625514,13.856,13.7,4.5467141122394,4.43501281591775,0.451947945945936,0.352776227742016,2.63263176640362,2.66321551714876,"1D_threshold_shift","upper_0.70","upper_0.70","sum",0.172325357476952,0.227235155189334,0.172325357476952,0.227235155189334,0.172325357476952,0.227235155189334,-0.102880913032507,-0.102880913032507,-0.102880913032507,0,500,500,6,0.7,5,"shifted","upper",0.7,1.2,1,500,0.2,0.7,5,"central","none",0,1.2,"full",0.3,0.7,"ce_fdh",2,500,0.2,4
0.0600414078674948,29,483,100,100,NA,NA,1,0,0.105693581780538,0.0600414078674948,FALSE,FALSE,NA,500,22,21,0.175851106138003,12.03,12.104,4.02261891382364,4.21957267826664,0.606228716095018,0.616794097655202,3.11851638724117,2.92219104877785,"1D_threshold_shift","upper_1.00","upper_1.00","sum",0.172325357476952,0.227235155189334,0.172325357476952,0.227235155189334,0.172325357476952,0.227235155189334,-0.112283949609457,-0.112283949609457,-0.112283949609457,0,500,500,6,0.7,5,"shifted","upper",1,1.2,1,500,0.2,0.7,5,"central","none",0,1.2,"full",0.3,0.7,"ce_fdh",2,500,0.2,4
0.0778032036613272,34,437,100,100,NA,NA,1,0,0.122425629290618,0.0778032036613272,FALSE,FALSE,NA,350,20,24,0.143891109014379,15.9742857142857,17.5085714285714,3.66692354500276,4.6896442291837,-0.223961668658541,0.0693488269381387,2.57126219128677,2.53067685076662,"1E_range_restriction","x_lower","x_lower","sum",0.172325357476952,0.227235155189334,0.172325357476952,0.227235155189334,0.284020698797952,0.2247549467969,-0.0945221538156245,-0.0945221538156245,-0.206217495136625,0.111695341321,500,350,6,0.7,5,"central","none",0,1.2,1,500,0.2,0.7,5,"central","none",0,1.2,"full",0.3,0.7,"ce_fdh",2,500,0.2,4
0.146453089244851,64,437,100,100,NA,NA,0.5,0.692951912174839,0.115217391304348,0.146453089244851,FALSE,FALSE,NA,350,19,23,0.0388617336179148,20.2771428571429,18.64,3.6186864366523,4.56241026131475,0.266853683571175,-0.0873022196979574,2.33865812172855,2.47600323932234,"1E_range_restriction","x_upper","x_upper","sum",0.172325357476952,0.227235155189334,0.172325357476952,0.227235155189334,0.0575763156602878,0.127680121160208,-0.0258722682321005,-0.0258722682321005,0.0888767735845635,-0.114749041816664,500,350,6,0.7,5,"central","none",0,1.2,1,500,0.2,0.7,5,"central","none",0,1.2,"full",0.3,0.7,"ce_fdh",2,500,0.2,4
0.0588235294117647,23,391,100,100,NA,NA,0.666666666666667,0.653321328180018,0.0639386189258312,0.0588235294117647,FALSE,FALSE,NA,350,24,18,0.169139331183458,17.3971428571429,15.7514285714286,4.73473936519469,3.67652441365814,0.0826809987948458,-0.278488193728785,2.48468736940086,2.33514428132908,"1E_range_restriction","y_lower","y_lower","sum",0.172325357476952,0.227235155189334,0.172325357476952,0.227235155189334,0.0362924075420953,0.167726534421296,-0.113501828065187,-0.113501828065187,0.0225311218696694,-0.136032949934856,500,350,6,0.7,5,"central","none",0,1.2,1,500,0.2,0.7,5,"central","none",0,1.2,"full",0.3,0.7,"ce_fdh",2,500,0.2,4
0.0972222222222222,42,432,100,100,NA,NA,1,0,0.148263888888889,0.0972222222222222,FALSE,FALSE,NA,350,24,19,0.14053776961283,18.5085714285714,20.1342857142857,4.82931422567416,3.58470508129367,-0.148362397673513,0.235788436293347,2.60906540161574,2.56151274133206,"1E_range_restriction","y_upper","y_upper","sum",0.172325357476952,0.227235155189334,0.172325357476952,0.227235155189334,0.24303263515231,0.175378973186874,-0.0751031352547295,-0.0751031352547295,-0.145810412930088,0.070707277675358,500,350,6,0.7,5,"central","none",0,1.2,1,500,0.2,0.7,5,"central","none",0,1.2,"full",0.3,0.7,"ce_fdh",2,500,0.2,4
0.145557655954631,77,529,100,100,NA,NA,0.5,0.692951912174839,0.0392249527410208,0.145557655954631,FALSE,FALSE,NA,500,24,24,0.35021333791586,17.974,17.95,4.76978255807354,4.51844361094953,-0.0557976679430932,-0.019702428796067,2.52778983527928,2.61836636102575,"1A_score_construction","baseline_scores","baseline","sum",0.196517159821196,0.394429113314662,0.196517159821196,0.394429113314662,0.196517159821196,0.394429113314662,-0.0509595038665648,-0.0509595038665648,-0.0509595038665648,0,500,500,6,0.7,5,"central","none",0,1.2,1,500,0.4,0.7,5,"central","none",0,1.2,"full",0.3,0.7,"ce_fdh",2,500,0.4,5
0.180180023733757,4.47643565119099,24.8442394358078,100,100,NA,NA,0.5,0.692951912174839,0.107201569756935,0.180180023733757,FALSE,FALSE,NA,500,426,445,0.345897730965271,-0.0011572000134653,0.000656297732651311,0.909518642960226,0.895561527310052,-0.0639801579911027,0.00791641468927257,2.83101090302301,2.94864393569399,"1A_score_construction","baseline_scores","baseline","factor",0.196517159821196,0.394429113314662,0.196517159821196,0.394429113314662,0.196517159821196,0.394429113314662,-0.0163371360874394,-0.0163371360874394,-0.0163371360874394,0,500,500,6,0.7,5,"central","none",0,1.2,1,500,0.4,0.7,5,"central","none",0,1.2,"full",0.3,0.7,"ce_fdh",2,500,0.4,5
0.0738095238095238,31,420,100,100,NA,NA,0.666666666666667,0.653321328180018,0.0826190476190476,0.0738095238095238,FALSE,FALSE,NA,500,22,20,0.219436928868669,18.056,18.09,3.99509518924672,3.75687746093921,0.0106606563087031,0.0929009585008682,2.63508836865872,2.56866384954178,"1B_reliability","loading_0.50","0.5","sum",0.196517159821196,0.394429113314662,0.196517159821196,0.394429113314662,0.196517159821196,0.394429113314662,-0.122707636011672,-0.122707636011672,-0.122707636011672,0,500,500,6,0.5,5,"central","none",0,1.2,1,500,0.4,0.7,5,"central","none",0,1.2,"full",0.3,0.7,"ce_fdh",2,500,0.4,5
0.108695652173913,60,552,100,100,NA,NA,0.5,0.692951912174839,0.0788043478260869,0.108695652173913,FALSE,FALSE,NA,500,25,24,0.337554561260354,17.902,17.984,4.90392628268125,4.78346182320169,-0.0287024838668195,-0.0620530424542579,2.48193933317956,2.4513217196372,"1B_reliability","loading_0.70","0.7","sum",0.196517159821196,0.394429113314662,0.196517159821196,0.394429113314662,0.196517159821196,0.394429113314662,-0.0878215076472832,-0.0878215076472832,-0.0878215076472832,0,500,500,6,0.7,5,"central","none",0,1.2,1,500,0.4,0.7,5,"central","none",0,1.2,"full",0.3,0.7,"ce_fdh",2,500,0.4,5
0.0416666666666667,24,576,100,100,NA,NA,0.5,0.692951912174839,0.0104166666666667,0.0416666666666667,FALSE,FALSE,NA,500,25,25,0.367295166507032,18.022,17.97,5.46124219685094,5.61106657742292,-0.0854514044578719,-0.067169294528996,2.46959894041389,2.28824242019914,"1B_reliability","loading_0.85","0.85","sum",0.196517159821196,0.394429113314662,0.196517159821196,0.394429113314662,0.196517159821196,0.394429113314662,-0.15485049315453,-0.15485049315453,-0.15485049315453,0,500,500,6,0.85,5,"central","none",0,1.2,1,500,0.4,0.7,5,"central","none",0,1.2,"full",0.3,0.7,"ce_fdh",2,500,0.4,5
0.0432098765432099,14,324,100,100,NA,NA,0.5,0.692951912174839,0.0337962962962963,0.0432098765432099,FALSE,FALSE,NA,500,19,19,0.315502483950637,15.13,15.224,4.31257424204922,4.1526271955535,-0.0605315515757211,-0.1052412397585,2.27130347688068,2.15415396791866,"1C_response_categories","n_cat_4","4","sum",0.196517159821196,0.394429113314662,0.196517159821196,0.394429113314662,0.196517159821196,0.394429113314662,-0.153307283277986,-0.153307283277986,-0.153307283277986,0,500,500,6,0.7,4,"central","none",0,1.2,1,500,0.4,0.7,5,"central","none",0,1.2,"full",0.3,0.7,"ce_fdh",2,500,0.4,5
0.109640831758034,58,529,100,100,NA,NA,0.5,0.692951912174839,0.0354442344045369,0.109640831758034,FALSE,FALSE,NA,500,24,24,0.377295677175857,17.94,17.858,4.72705935866694,4.79539650657906,-0.0570851835265669,-0.0126095468444241,2.62488914088024,2.42698863363604,"1C_response_categories","n_cat_5","5","sum",0.196517159821196,0.394429113314662,0.196517159821196,0.394429113314662,0.196517159821196,0.394429113314662,-0.0868763280631622,-0.0868763280631622,-0.0868763280631622,0,500,500,6,0.7,5,"central","none",0,1.2,1,500,0.4,0.7,5,"central","none",0,1.2,"full",0.3,0.7,"ce_fdh",2,500,0.4,5
0.133333333333333,116,870,100,100,NA,NA,0.5,0.692951912174839,0.0876436781609195,0.133333333333333,FALSE,FALSE,NA,500,30,28,0.299379815115028,23.9,23.954,5.36129527017006,5.15490349668354,-0.178252993622929,-0.0614839556995654,2.90334274273224,2.77179402174072,"1C_response_categories","n_cat_7","7","sum",0.196517159821196,0.394429113314662,0.196517159821196,0.394429113314662,0.196517159821196,0.394429113314662,-0.0631838264878629,-0.0631838264878629,-0.0631838264878629,0,500,500,6,0.7,7,"central","none",0,1.2,1,500,0.4,0.7,5,"central","none",0,1.2,"full",0.3,0.7,"ce_fdh",2,500,0.4,5
0.0988142292490119,50,506,100,100,NA,NA,0.5,0.692951912174839,0.0631422924901186,0.0988142292490119,FALSE,FALSE,NA,500,24,22,0.341261419987321,21.14,21.166,4.67333715457387,4.54044880498629,-0.4783297495972,-0.271190696038212,2.70236834617759,2.45891770408267,"1D_threshold_shift","lower_0.50","lower_0.50","sum",0.196517159821196,0.394429113314662,0.196517159821196,0.394429113314662,0.196517159821196,0.394429113314662,-0.0977029305721844,-0.0977029305721844,-0.0977029305721844,0,500,500,6,0.7,5,"shifted","lower",0.5,1.2,1,500,0.4,0.7,5,"central","none",0,1.2,"full",0.3,0.7,"ce_fdh",2,500,0.4,5
0.075098814229249,38,506,100,100,NA,NA,0.5,0.692951912174839,0.0515810276679842,0.075098814229249,FALSE,FALSE,NA,500,24,22,0.326501499203356,22.152,22.28,4.65491487193159,4.53682328629429,-0.616202029053639,-0.412558828129173,3.10246705079709,2.6402604575113,"1D_threshold_shift","lower_0.70","lower_0.70","sum",0.196517159821196,0.394429113314662,0.196517159821196,0.394429113314662,0.196517159821196,0.394429113314662,-0.121418345591947,-0.121418345591947,-0.121418345591947,0,500,500,6,0.7,5,"shifted","lower",0.7,1.2,1,500,0.4,0.7,5,"central","none",0,1.2,"full",0.3,0.7,"ce_fdh",2,500,0.4,5
0.0498866213151927,22,441,100,100,NA,NA,0.5,0.692951912174839,0.022562358276644,0.0498866213151927,FALSE,FALSE,NA,500,22,22,0.302701541198553,23.996,23.996,4.29801464163623,4.19895778652108,-0.740869619340983,-0.674576779799281,3.14915100857554,3.06942237443172,"1D_threshold_shift","lower_1.00","lower_1.00","sum",0.196517159821196,0.394429113314662,0.196517159821196,0.394429113314662,0.196517159821196,0.394429113314662,-0.146630538506003,-0.146630538506003,-0.146630538506003,0,500,500,6,0.7,5,"shifted","lower",1,1.2,1,500,0.4,0.7,5,"central","none",0,1.2,"full",0.3,0.7,"ce_fdh",2,500,0.4,5
0.0812854442344045,43,529,100,100,NA,NA,0.5,0.692951912174839,0.056710775047259,0.0812854442344045,FALSE,FALSE,NA,500,24,23,0.253042852655538,14.97,14.746,4.52083797010066,4.66014139653201,0.252408867242567,0.283206276238845,2.68646705535753,2.5382570973859,"1D_threshold_shift","upper_0.50","upper_0.50","sum",0.196517159821196,0.394429113314662,0.196517159821196,0.394429113314662,0.196517159821196,0.394429113314662,-0.115231715586792,-0.115231715586792,-0.115231715586792,0,500,500,6,0.7,5,"shifted","upper",0.5,1.2,1,500,0.4,0.7,5,"central","none",0,1.2,"full",0.3,0.7,"ce_fdh",2,500,0.4,5
0.0634920634920635,28,441,100,100,NA,NA,0.5,0.692951912174839,0.0393424036281179,0.0634920634920635,FALSE,FALSE,NA,500,22,22,0.280750619152346,13.822,13.808,4.46836082887159,4.43920590851521,0.335098609636437,0.393630380088635,2.51128652757178,2.65769548722843,"1D_threshold_shift","upper_0.70","upper_0.70","sum",0.196517159821196,0.394429113314662,0.196517159821196,0.394429113314662,0.196517159821196,0.394429113314662,-0.133025096329133,-0.133025096329133,-0.133025096329133,0,500,500,6,0.7,5,"shifted","upper",0.7,1.2,1,500,0.4,0.7,5,"central","none",0,1.2,"full",0.3,0.7,"ce_fdh",2,500,0.4,5
0.0401234567901235,13,324,100,100,NA,NA,0.5,0.692951912174839,0.0123456790123457,0.0401234567901235,FALSE,FALSE,NA,500,19,19,0.322024207074968,12.062,12.018,4.10802967560256,4.05296546470806,0.58195620350715,0.464621840573733,2.64718341327056,2.58837325594426,"1D_threshold_shift","upper_1.00","upper_1.00","sum",0.196517159821196,0.394429113314662,0.196517159821196,0.394429113314662,0.196517159821196,0.394429113314662,-0.156393703031073,-0.156393703031073,-0.156393703031073,0,500,500,6,0.7,5,"shifted","upper",1,1.2,1,500,0.4,0.7,5,"central","none",0,1.2,"full",0.3,0.7,"ce_fdh",2,500,0.4,5
0.0555555555555556,22,396,100,100,NA,NA,1,0,0.0755050505050505,0.0555555555555556,FALSE,FALSE,NA,350,19,23,0.166710561770329,15.96,17.2142857142857,3.79467278527121,4.6471264101903,-0.340344088599162,0.0446510771272322,2.61938425136161,2.37977120952493,"1E_range_restriction","x_lower","x_lower","sum",0.196517159821196,0.394429113314662,0.196517159821196,0.394429113314662,0.191537351053405,0.26807673482588,-0.140961604265641,-0.140961604265641,-0.13598179549785,-0.00497980876779078,500,350,6,0.7,5,"central","none",0,1.2,1,500,0.4,0.7,5,"central","none",0,1.2,"full",0.3,0.7,"ce_fdh",2,500,0.4,5
0.051150895140665,20,391,100,100,NA,NA,1,0,0.0584398976982097,0.051150895140665,FALSE,FALSE,NA,350,18,23,0.17604712078924,20.2485714285714,18.9857142857143,3.58657728695263,4.68886646067488,0.102419646093362,-0.07866202335422,2.4972061890508,2.3755185792824,"1E_range_restriction","x_upper","x_upper","sum",0.196517159821196,0.394429113314662,0.196517159821196,0.394429113314662,0.0696867590558877,0.257256449220631,-0.145366264680531,-0.145366264680531,-0.0185358639152227,-0.126830400765309,500,350,6,0.7,5,"central","none",0,1.2,1,500,0.4,0.7,5,"central","none",0,1.2,"full",0.3,0.7,"ce_fdh",2,500,0.4,5
0.104166666666667,45,432,100,100,NA,NA,0.5,0.692951912174839,0.0135416666666667,0.104166666666667,FALSE,FALSE,NA,350,25,19,0.315719304922228,17.2314285714286,15.7685714285714,4.64445144074386,3.76694045084507,-0.112309155625595,-0.147762351956809,2.69987163363256,2.62931060097003,"1E_range_restriction","y_lower","y_lower","sum",0.196517159821196,0.394429113314662,0.196517159821196,0.394429113314662,0.110799687255962,0.347327430840287,-0.0923504931545295,-0.0923504931545295,-0.00663302058929555,-0.085717472565234,500,350,6,0.7,5,"central","none",0,1.2,1,500,0.4,0.7,5,"central","none",0,1.2,"full",0.3,0.7,"ce_fdh",2,500,0.4,5
0.119565217391304,55,460,100,100,NA,NA,0.5,0.692951912174839,0.0843478260869565,0.119565217391304,FALSE,FALSE,NA,350,24,21,0.190093736756531,19.04,20.1085714285714,4.54819464167568,3.61066324527982,-0.116805748472,0.0336017270706759,2.59567778104463,2.73817839842976,"1E_range_restriction","y_upper","y_upper","sum",0.196517159821196,0.394429113314662,0.196517159821196,0.394429113314662,0.180012857873419,0.225690575799516,-0.0769519424298919,-0.0769519424298919,-0.0604476404821146,-0.0165043019477773,500,350,6,0.7,5,"central","none",0,1.2,1,500,0.4,0.7,5,"central","none",0,1.2,"full",0.3,0.7,"ce_fdh",2,500,0.4,5
0.182971014492754,101,552,100,100,NA,NA,0.5,0.692951912174839,0.0696557971014493,0.182971014492754,FALSE,FALSE,NA,500,24,25,0.544589030369168,18.232,17.954,4.84407950104298,4.83473197463242,-0.0983887443747796,-0.0688669028491058,2.44577052394971,2.58614641280838,"1A_score_construction","baseline_scores","baseline","sum",0.292444830600575,0.635242356266555,0.292444830600575,0.635242356266555,0.292444830600575,0.635242356266555,-0.109473816107821,-0.109473816107821,-0.109473816107821,0,500,500,6,0.7,5,"central","none",0,1.2,1,500,0.6,0.7,5,"central","none",0,1.2,"full",0.3,0.7,"ce_fdh",2,500,0.6,6
0.227621599281025,5.64575001119177,24.803226183388,100,100,NA,NA,0.5,0.692951912174839,0.114875793240673,0.227621599281025,FALSE,FALSE,NA,500,430,422,0.542103364416528,-0.00179581509019763,-0.00130999076265644,0.91097390708948,0.914435597044473,-0.0970572603427777,-0.0838537941547777,2.73296401396348,2.94925796752598,"1A_score_construction","baseline_scores","baseline","factor",0.292444830600575,0.635242356266555,0.292444830600575,0.635242356266555,0.292444830600575,0.635242356266555,-0.0648232313195494,-0.0648232313195494,-0.0648232313195494,0,500,500,6,0.7,5,"central","none",0,1.2,1,500,0.6,0.7,5,"central","none",0,1.2,"full",0.3,0.7,"ce_fdh",2,500,0.6,6
0.141304347826087,65,460,100,100,NA,NA,0.5,0.692951912174839,0.0777173913043478,0.141304347826087,FALSE,FALSE,NA,500,23,21,0.391783832813112,18.006,17.934,3.83606501373206,3.82451275270343,-0.0262598455975839,0.0532817423245741,2.87535895071788,2.40288206674779,"1B_reliability","loading_0.50","0.5","sum",0.292444830600575,0.635242356266555,0.292444830600575,0.635242356266555,0.292444830600575,0.635242356266555,-0.151140482774488,-0.151140482774488,-0.151140482774488,0,500,500,6,0.5,5,"central","none",0,1.2,1,500,0.6,0.7,5,"central","none",0,1.2,"full",0.3,0.7,"ce_fdh",2,500,0.6,6
0.205533596837945,104,506,100,100,NA,NA,0.5,0.692951912174839,0.0688735177865613,0.205533596837945,FALSE,FALSE,NA,500,23,24,0.528765236824134,18,18.052,4.71428137660403,4.75125719044755,-0.133775809620718,-0.0950493803857817,2.51853855756777,2.46566966832226,"1B_reliability","loading_0.70","0.7","sum",0.292444830600575,0.635242356266555,0.292444830600575,0.635242356266555,0.292444830600575,0.635242356266555,-0.08691123376263,-0.08691123376263,-0.08691123376263,0,500,500,6,0.7,5,"central","none",0,1.2,1,500,0.6,0.7,5,"central","none",0,1.2,"full",0.3,0.7,"ce_fdh",2,500,0.6,6
0.149305555555556,86,576,100,100,NA,NA,0.5,0.692951912174839,0.0115451388888889,0.149305555555556,FALSE,FALSE,NA,500,25,25,0.568916251447964,18.08,17.906,5.49855145799987,5.69755106834092,-0.0288623236842862,-0.0703587954883049,2.39601728703496,2.24176140332991,"1B_reliability","loading_0.85","0.85","sum",0.292444830600575,0.635242356266555,0.292444830600575,0.635242356266555,0.292444830600575,0.635242356266555,-0.143139275045019,-0.143139275045019,-0.143139275045019,0,500,500,6,0.85,5,"central","none",0,1.2,1,500,0.6,0.7,5,"central","none",0,1.2,"full",0.3,0.7,"ce_fdh",2,500,0.6,6
0.111111111111111,36,324,100,100,NA,NA,0.5,0.692951912174839,0.0276234567901235,0.111111111111111,FALSE,FALSE,NA,500,19,19,0.505175566305327,14.944,14.958,4.17129036709905,4.43345769058287,-0.100118800531436,-0.0906827577134799,2.18194977793637,2.10929666701394,"1C_response_categories","n_cat_4","4","sum",0.292444830600575,0.635242356266555,0.292444830600575,0.635242356266555,0.292444830600575,0.635242356266555,-0.181333719489464,-0.181333719489464,-0.181333719489464,0,500,500,6,0.7,4,"central","none",0,1.2,1,500,0.6,0.7,5,"central","none",0,1.2,"full",0.3,0.7,"ce_fdh",2,500,0.6,6
0.193840579710145,107,552,100,100,NA,NA,0.5,0.692951912174839,0.0719202898550725,0.193840579710145,FALSE,FALSE,NA,500,24,25,0.540964818770992,17.838,18.042,4.83347503996078,4.85255918679233,-0.0433422399258098,-0.0568425528259693,2.52654540172561,2.42426823490283,"1C_response_categories","n_cat_5","5","sum",0.292444830600575,0.635242356266555,0.292444830600575,0.635242356266555,0.292444830600575,0.635242356266555,-0.0986042508904298,-0.0986042508904298,-0.0986042508904298,0,500,500,6,0.7,5,"central","none",0,1.2,1,500,0.6,0.7,5,"central","none",0,1.2,"full",0.3,0.7,"ce_fdh",2,500,0.6,6
0.249462365591398,232,930,100,100,NA,NA,0.5,0.692951912174839,0.14252688172043,0.249462365591398,FALSE,FALSE,NA,500,30,29,0.532004538961915,23.86,23.864,5.19291177137939,5.27685459234737,-0.0872792796683281,-0.074668144312165,2.80000233497124,2.71727360035304,"1C_response_categories","n_cat_7","7","sum",0.292444830600575,0.635242356266555,0.292444830600575,0.635242356266555,0.292444830600575,0.635242356266555,-0.0429824650091769,-0.0429824650091769,-0.0429824650091769,0,500,500,6,0.7,7,"central","none",0,1.2,1,500,0.6,0.7,5,"central","none",0,1.2,"full",0.3,0.7,"ce_fdh",2,500,0.6,6
0.10351966873706,50,483,100,100,NA,NA,0.5,0.692951912174839,0.041304347826087,0.10351966873706,FALSE,FALSE,NA,500,22,24,0.541663890922126,21.196,21.118,4.68288830592526,4.8330935835316,-0.278541052061949,-0.409442593127062,2.53946878222498,2.49855014530824,"1D_threshold_shift","lower_0.50","lower_0.50","sum",0.292444830600575,0.635242356266555,0.292444830600575,0.635242356266555,0.292444830600575,0.635242356266555,-0.188925161863515,-0.188925161863515,-0.188925161863515,0,500,500,6,0.7,5,"shifted","lower",0.5,1.2,1,500,0.6,0.7,5,"central","none",0,1.2,"full",0.3,0.7,"ce_fdh",2,500,0.6,6
0.160079051383399,81,506,100,100,NA,NA,0.5,0.692951912174839,0.0459486166007905,0.160079051383399,FALSE,FALSE,NA,500,23,24,0.571635390501981,22.166,22.272,4.64430653233964,4.73019719790435,-0.486931622541178,-0.489180444177417,2.71093731399572,2.70764289268921,"1D_threshold_shift","lower_0.70","lower_0.70","sum",0.292444830600575,0.635242356266555,0.292444830600575,0.635242356266555,0.292444830600575,0.635242356266555,-0.132365779217175,-0.132365779217175,-0.132365779217175,0,500,500,6,0.7,5,"shifted","lower",0.7,1.2,1,500,0.6,0.7,5,"central","none",0,1.2,"full",0.3,0.7,"ce_fdh",2,500,0.6,6
0.142857142857143,63,441,100,100,NA,NA,0.5,0.692951912174839,0.0634920634920635,0.142857142857143,FALSE,FALSE,NA,500,21,21,0.515154686166693,23.794,23.98,4.19508778490345,4.3007665812472,-0.685738960419177,-0.714478339623896,3.06861239807879,3.01047838046392,"1D_threshold_shift","lower_1.00","lower_1.00","sum",0.292444830600575,0.635242356266555,0.292444830600575,0.635242356266555,0.292444830600575,0.635242356266555,-0.149587687743432,-0.149587687743432,-0.149587687743432,0,500,500,6,0.7,5,"shifted","lower",1,1.2,1,500,0.6,0.7,5,"central","none",0,1.2,"full",0.3,0.7,"ce_fdh",2,500,0.6,6
0.170995670995671,79,462,100,100,NA,NA,0.5,0.692951912174839,0.0733766233766234,0.170995670995671,FALSE,FALSE,NA,500,22,23,0.519695261163094,14.82,14.928,4.74347986212705,4.78126939987158,0.290972751454106,0.172881618876824,2.4743799602616,2.34432214935556,"1D_threshold_shift","upper_0.50","upper_0.50","sum",0.292444830600575,0.635242356266555,0.292444830600575,0.635242356266555,0.292444830600575,0.635242356266555,-0.121449159604904,-0.121449159604904,-0.121449159604904,0,500,500,6,0.7,5,"shifted","upper",0.5,1.2,1,500,0.6,0.7,5,"central","none",0,1.2,"full",0.3,0.7,"ce_fdh",2,500,0.6,6
0.134199134199134,62,462,100,100,NA,NA,0.5,0.692951912174839,0.0746753246753247,0.134199134199134,FALSE,FALSE,NA,500,22,22,0.546572083529017,13.64,13.716,4.34651404791673,4.57615848205739,0.335205010991285,0.329469113431388,2.71378791425989,2.3806508661659,"1D_threshold_shift","upper_0.70","upper_0.70","sum",0.292444830600575,0.635242356266555,0.292444830600575,0.635242356266555,0.292444830600575,0.635242356266555,-0.15824569640144,-0.15824569640144,-0.15824569640144,0,500,500,6,0.7,5,"shifted","upper",0.7,1.2,1,500,0.6,0.7,5,"central","none",0,1.2,"full",0.3,0.7,"ce_fdh",2,500,0.6,6
0.152046783625731,52,342,100,100,NA,NA,0.5,0.692951912174839,0.025,0.152046783625731,FALSE,FALSE,NA,500,19,19,0.504735741080713,11.95,12.06,3.99241515345223,4.13359082956847,0.549813165611697,0.537433697672185,2.70711940981139,2.65620497563239,"1D_threshold_shift","upper_1.00","upper_1.00","sum",0.292444830600575,0.635242356266555,0.292444830600575,0.635242356266555,0.292444830600575,0.635242356266555,-0.140398046974844,-0.140398046974844,-0.140398046974844,0,500,500,6,0.7,5,"shifted","upper",1,1.2,1,500,0.6,0.7,5,"central","none",0,1.2,"full",0.3,0.7,"ce_fdh",2,500,0.6,6
0.196969696969697,78,396,100,100,NA,NA,0.5,0.692951912174839,0.0742424242424242,0.196969696969697,FALSE,FALSE,NA,350,19,23,0.381105635671528,15.7742857142857,16.7057142857143,3.60323341397861,4.56493693294892,-0.215879107888887,0.0604503978229376,2.63513206630665,2.44408981459197,"1E_range_restriction","x_lower","x_lower","sum",0.292444830600575,0.635242356266555,0.292444830600575,0.635242356266555,0.280727892483398,0.533643070034964,-0.0954751336308777,-0.0954751336308777,-0.0837581955137013,-0.0117169381171764,500,350,6,0.7,5,"central","none",0,1.2,1,500,0.6,0.7,5,"central","none",0,1.2,"full",0.3,0.7,"ce_fdh",2,500,0.6,6
0.0654761904761905,22,336,100,100,NA,NA,0.666666666666667,0.653321328180018,0.0699404761904762,0.0654761904761905,FALSE,FALSE,NA,350,17,22,0.28796269560835,20.1885714285714,19.6085714285714,3.4705285121879,4.30877504239239,0.338039783685963,-0.141272589579941,2.4375010390571,2.54798564574363,"1E_range_restriction","x_upper","x_upper","sum",0.292444830600575,0.635242356266555,0.292444830600575,0.635242356266555,0.180864460053548,0.455122062200159,-0.226968640124384,-0.226968640124384,-0.115388269577358,-0.111580370547026,500,350,6,0.7,5,"central","none",0,1.2,1,500,0.6,0.7,5,"central","none",0,1.2,"full",0.3,0.7,"ce_fdh",2,500,0.6,6
0.123737373737374,49,396,100,100,NA,NA,0.5,0.692951912174839,0.0474747474747475,0.123737373737374,FALSE,FALSE,NA,350,23,19,0.444553869282902,17.0314285714286,15.8857142857143,4.50935172365859,3.8367206969102,-0.113237262650333,-0.219456426938005,2.32854447808312,2.42932195533425,"1E_range_restriction","y_lower","y_lower","sum",0.292444830600575,0.635242356266555,0.292444830600575,0.635242356266555,0.105550948143242,0.533559004998779,-0.168707456863201,-0.168707456863201,0.0181864255941314,-0.186893882457332,500,350,6,0.7,5,"central","none",0,1.2,1,500,0.6,0.7,5,"central","none",0,1.2,"full",0.3,0.7,"ce_fdh",2,500,0.6,6
0.225877192982456,103,456,100,100,NA,NA,0.5,0.692951912174839,0.0919956140350877,0.225877192982456,FALSE,FALSE,NA,350,23,19,0.32009984634814,19.3428571428571,20.4342857142857,4.40852818445934,3.55714244616614,-0.126675566076042,0.226106764950991,2.76843847140317,2.62507520669734,"1E_range_restriction","y_upper","y_upper","sum",0.292444830600575,0.635242356266555,0.292444830600575,0.635242356266555,0.409319049848042,0.475464170444824,-0.0665676376181185,-0.0665676376181185,-0.183441856865585,0.116874219247467,500,350,6,0.7,5,"central","none",0,1.2,1,500,0.6,0.7,5,"central","none",0,1.2,"full",0.3,0.7,"ce_fdh",2,500,0.6,6
0.0607638888888889,35,576,100,100,NA,NA,0.666666666666667,0.653321328180018,0.0618923611111111,0.0607638888888889,FALSE,FALSE,NA,1000,25,25,0.167860829897265,17.99,17.909,4.75820770254311,4.76376032272956,0.0191271578089756,0.0561935610847095,2.52388178370426,2.5814739451072,"1A_score_construction","baseline_scores","baseline","sum",0.119356477710823,0.201592456776612,0.119356477710823,0.201592456776612,0.119356477710823,0.201592456776612,-0.0585925888219342,-0.0585925888219342,-0.0585925888219342,0,1000,1000,6,0.7,5,"central","none",0,1.2,1,1000,0.2,0.7,5,"central","none",0,1.2,"full",0.3,0.7,"ce_fdh",2,1000,0.2,7
0.0820029068399261,2.21088407718987,26.9610451920396,100,100,NA,NA,0.666666666666667,0.653321328180018,0.0884687427184749,0.0820029068399261,FALSE,FALSE,NA,1000,773,798,0.161859166791372,0.000112260011072004,0.0005787651147128,0.906951225905224,0.902625458367105,0.0115051329995646,0.0298907668843697,2.77194773734591,2.87068732400583,"1A_score_construction","baseline_scores","baseline","factor",0.119356477710823,0.201592456776612,0.119356477710823,0.201592456776612,0.119356477710823,0.201592456776612,-0.0373535708708969,-0.0373535708708969,-0.0373535708708969,0,1000,1000,6,0.7,5,"central","none",0,1.2,1,1000,0.2,0.7,5,"central","none",0,1.2,"full",0.3,0.7,"ce_fdh",2,1000,0.2,7
0.0849802371541502,43,506,100,100,NA,NA,0.666666666666667,0.653321328180018,0.0922924901185771,0.0849802371541502,FALSE,FALSE,NA,1000,23,23,0.131554350673988,17.996,17.97,3.92802920220986,3.96116028340066,0.0449611346628012,0.0265597222601147,2.78694939626672,2.71265216960267,"1B_reliability","loading_0.50","0.5","sum",0.119356477710823,0.201592456776612,0.119356477710823,0.201592456776612,0.119356477710823,0.201592456776612,-0.0343762405566729,-0.0343762405566729,-0.0343762405566729,0,1000,1000,6,0.5,5,"central","none",0,1.2,1,1000,0.2,0.7,5,"central","none",0,1.2,"full",0.3,0.7,"ce_fdh",2,1000,0.2,7
0.0989583333333333,57,576,100,100,NA,NA,0.5,0.692951912174839,0.0513888888888889,0.0989583333333333,FALSE,FALSE,NA,1000,25,25,0.211269563215065,18.057,18.048,4.79319577377408,4.71634815720171,0.0176173614222605,0.0234864293712913,2.4872350568815,2.53058564830077,"1B_reliability","loading_0.70","0.7","sum",0.119356477710823,0.201592456776612,0.119356477710823,0.201592456776612,0.119356477710823,0.201592456776612,-0.0203981443774897,-0.0203981443774897,-0.0203981443774897,0,1000,1000,6,0.7,5,"central","none",0,1.2,1,1000,0.2,0.7,5,"central","none",0,1.2,"full",0.3,0.7,"ce_fdh",2,1000,0.2,7
0.0538194444444444,31,576,100,100,NA,NA,0.5,0.692951912174839,0.0255208333333333,0.0538194444444444,FALSE,FALSE,NA,1000,25,25,0.20725293024063,17.976,17.958,5.54131122841247,5.51204305304473,0.0365005182888589,-0.00138259842722354,2.38086980469735,2.39796925862697,"1B_reliability","loading_0.85","0.85","sum",0.119356477710823,0.201592456776612,0.119356477710823,0.201592456776612,0.119356477710823,0.201592456776612,-0.0655370332663786,-0.0655370332663786,-0.0655370332663786,0,1000,1000,6,0.85,5,"central","none",0,1.2,1,1000,0.2,0.7,5,"central","none",0,1.2,"full",0.3,0.7,"ce_fdh",2,1000,0.2,7
0.037037037037037,12,324,100,100,NA,NA,0.5,0.692951912174839,0.0117283950617284,0.037037037037037,FALSE,FALSE,NA,1000,19,19,0.160316078804554,14.988,15.025,4.20637011561626,4.15230256804783,0.0550661539747472,-0.0162704924587851,2.32014793909874,2.30392972470743,"1C_response_categories","n_cat_4","4","sum",0.119356477710823,0.201592456776612,0.119356477710823,0.201592456776612,0.119356477710823,0.201592456776612,-0.082319440673786,-0.082319440673786,-0.082319440673786,0,1000,1000,6,0.7,4,"central","none",0,1.2,1,1000,0.2,0.7,5,"central","none",0,1.2,"full",0.3,0.7,"ce_fdh",2,1000,0.2,7
0.0920138888888889,53,576,100,100,NA,NA,0.5,0.692951912174839,0.0567708333333333,0.0920138888888889,FALSE,FALSE,NA,1000,25,25,0.166240329222492,17.936,17.965,4.8182070440278,4.81362087683959,0.0155299613092536,-0.00961518537491533,2.51547538150215,2.48394629159917,"1C_response_categories","n_cat_5","5","sum",0.119356477710823,0.201592456776612,0.119356477710823,0.201592456776612,0.119356477710823,0.201592456776612,-0.0273425888219342,-0.0273425888219342,-0.0273425888219342,0,1000,1000,6,0.7,5,"central","none",0,1.2,1,1000,0.2,0.7,5,"central","none",0,1.2,"full",0.3,0.7,"ce_fdh",2,1000,0.2,7
0.130049261083744,132,1015,100,100,NA,NA,0.5,0.692951912174839,0.124285714285714,0.130049261083744,FALSE,FALSE,NA,1000,28,34,0.171630084047977,23.943,23.969,5.18600478650431,5.3073729101324,0.032834168313801,0.0282145589159183,2.84453600589736,2.89847611941957,"1C_response_categories","n_cat_7","7","sum",0.119356477710823,0.201592456776612,0.119356477710823,0.201592456776612,0.119356477710823,0.201592456776612,0.0106927833729208,0.0106927833729208,0.0106927833729208,0,1000,1000,6,0.7,7,"central","none",0,1.2,1,1000,0.2,0.7,5,"central","none",0,1.2,"full",0.3,0.7,"ce_fdh",2,1000,0.2,7
0.0579710144927536,32,552,100,100,NA,NA,0.5,0.692951912174839,0.0480072463768116,0.0579710144927536,FALSE,FALSE,NA,1000,25,24,0.171102567013371,21.121,21.095,4.67420658585039,4.5627616411329,-0.265716154432853,-0.311410764369462,2.58542417308114,2.68462866400778,"1D_threshold_shift","lower_0.50","lower_0.50","sum",0.119356477710823,0.201592456776612,0.119356477710823,0.201592456776612,0.119356477710823,0.201592456776612,-0.0613854632180694,-0.0613854632180694,-0.0613854632180694,0,1000,1000,6,0.7,5,"shifted","lower",0.5,1.2,1,1000,0.2,0.7,5,"central","none",0,1.2,"full",0.3,0.7,"ce_fdh",2,1000,0.2,7
0.0324675324675325,15,462,100,100,NA,NA,0.666666666666667,0.653321328180018,0.0462121212121212,0.0324675324675325,FALSE,FALSE,NA,1000,22,23,0.166674166333214,22.207,22.35,4.43190622563167,4.40350892935292,-0.363434960997858,-0.423279224587741,2.61804558389168,2.77381549639933,"1D_threshold_shift","lower_0.70","lower_0.70","sum",0.119356477710823,0.201592456776612,0.119356477710823,0.201592456776612,0.119356477710823,0.201592456776612,-0.0868889452432906,-0.0868889452432906,-0.0868889452432906,0,1000,1000,6,0.7,5,"shifted","lower",0.7,1.2,1,1000,0.2,0.7,5,"central","none",0,1.2,"full",0.3,0.7,"ce_fdh",2,1000,0.2,7
0.0723140495867769,35,484,100,100,NA,NA,1,0,0.0900826446280992,0.0723140495867769,FALSE,FALSE,NA,1000,21,21,0.205268839670667,23.781,23.898,4.13740947419483,4.15196758595667,-0.555414200927548,-0.57426590976281,2.79595482769076,2.91288199087678,"1D_threshold_shift","lower_1.00","lower_1.00","sum",0.119356477710823,0.201592456776612,0.119356477710823,0.201592456776612,0.119356477710823,0.201592456776612,-0.0470424281240462,-0.0470424281240462,-0.0470424281240462,0,1000,1000,6,0.7,5,"shifted","lower",1,1.2,1,1000,0.2,0.7,5,"central","none",0,1.2,"full",0.3,0.7,"ce_fdh",2,1000,0.2,7
0.0889328063241107,45,506,100,100,NA,NA,0.5,0.692951912174839,0.0465415019762846,0.0889328063241107,FALSE,FALSE,NA,1000,23,24,0.17537671609381,15.029,14.993,4.62531648133969,4.66977063224285,0.285528455284358,0.218893495156005,2.54100975184763,2.58194148678904,"1D_threshold_shift","upper_0.50","upper_0.50","sum",0.119356477710823,0.201592456776612,0.119356477710823,0.201592456776612,0.119356477710823,0.201592456776612,-0.0304236713867124,-0.0304236713867124,-0.0304236713867124,0,1000,1000,6,0.7,5,"shifted","upper",0.5,1.2,1,1000,0.2,0.7,5,"central","none",0,1.2,"full",0.3,0.7,"ce_fdh",2,1000,0.2,7
0.0454545454545455,22,484,100,100,NA,NA,1,0,0.0572314049586777,0.0454545454545455,FALSE,FALSE,NA,1000,23,23,0.124420873334544,13.713,13.828,4.52206590841842,4.49695882109661,0.466818606345096,0.370171508154798,2.6740280526874,2.6039670176798,"1D_threshold_shift","upper_0.70","upper_0.70","sum",0.119356477710823,0.201592456776612,0.119356477710823,0.201592456776612,0.119356477710823,0.201592456776612,-0.0739019322562776,-0.0739019322562776,-0.0739019322562776,0,1000,1000,6,0.7,5,"shifted","upper",0.7,1.2,1,1000,0.2,0.7,5,"central","none",0,1.2,"full",0.3,0.7,"ce_fdh",2,1000,0.2,7
0.0929705215419501,41,441,100,100,NA,NA,0.5,0.692951912174839,0.0877551020408163,0.0929705215419501,FALSE,FALSE,NA,1000,21,21,0.156214387790969,11.957,12.032,4.11388807274518,4.11581291070378,0.615682171967667,0.632994785589277,2.84539527337673,2.91902969411543,"1D_threshold_shift","upper_1.00","upper_1.00","sum",0.119356477710823,0.201592456776612,0.119356477710823,0.201592456776612,0.119356477710823,0.201592456776612,-0.026385956168873,-0.026385956168873,-0.026385956168873,0,1000,1000,6,0.7,5,"shifted","upper",1,1.2,1,1000,0.2,0.7,5,"central","none",0,1.2,"full",0.3,0.7,"ce_fdh",2,1000,0.2,7
0.0592105263157895,27,456,100,100,NA,NA,0.5,0.692951912174839,0.0505482456140351,0.0592105263157895,FALSE,FALSE,NA,700,20,25,0.135254398494305,15.6442857142857,17.6514285714286,3.60305607504381,4.78567075699096,-0.200894689089119,0.0747940074785018,2.53162691181969,2.48576275382549,"1E_range_restriction","x_lower","x_lower","sum",0.119356477710823,0.201592456776612,0.119356477710823,0.201592456776612,0.158750248266139,0.157192643670074,-0.0601459513950336,-0.0601459513950336,-0.0995397219503495,0.0393937705553159,1000,700,6,0.7,5,"central","none",0,1.2,1,1000,0.2,0.7,5,"central","none",0,1.2,"full",0.3,0.7,"ce_fdh",2,1000,0.2,7
0.0652173913043478,27,414,100,100,NA,NA,0.5,0.692951912174839,0.0355072463768116,0.0652173913043478,FALSE,FALSE,NA,700,19,24,0.0970664753444658,20.2242857142857,18.4771428571429,3.77625044763802,4.77365119790375,0.312622259321064,-0.108983862950684,2.39981306744307,2.53908066321267,"1E_range_restriction","x_upper","x_upper","sum",0.119356477710823,0.201592456776612,0.119356477710823,0.201592456776612,0.0414162144910038,0.120883361018502,-0.0541390864064752,-0.0541390864064752,0.0238011768133441,-0.0779402632198193,1000,700,6,0.7,5,"central","none",0,1.2,1,1000,0.2,0.7,5,"central","none",0,1.2,"full",0.3,0.7,"ce_fdh",2,1000,0.2,7
0.0347593582887701,13,374,100,100,NA,NA,0.666666666666667,0.653321328180018,0.0346256684491979,0.0347593582887701,FALSE,FALSE,NA,700,23,18,0.132978249091238,17.5557142857143,15.6785714285714,4.65103048911403,3.69871774777737,0.108398455201758,-0.303007451966392,2.60375828628132,2.5385378509323,"1E_range_restriction","y_lower","y_lower","sum",0.119356477710823,0.201592456776612,0.119356477710823,0.201592456776612,0.0275781796560348,0.1362589647991,-0.084597119422053,-0.084597119422053,0.00718117863273523,-0.0917782980547883,1000,700,6,0.7,5,"central","none",0,1.2,1,1000,0.2,0.7,5,"central","none",0,1.2,"full",0.3,0.7,"ce_fdh",2,1000,0.2,7
0.081140350877193,37,456,100,100,NA,NA,0.5,0.692951912174839,0.0725877192982456,0.081140350877193,FALSE,FALSE,NA,700,25,20,0.0956619248730705,18.3871428571429,20.28,4.75103848081967,3.62654337920546,-0.0987715719112145,0.277665807656276,2.58710610357445,2.59096846186316,"1E_range_restriction","y_upper","y_upper","sum",0.119356477710823,0.201592456776612,0.119356477710823,0.201592456776612,0.211367344829229,0.152475648612427,-0.0382161268336301,-0.0382161268336301,-0.130226993952036,0.092010867118406,1000,700,6,0.7,5,"central","none",0,1.2,1,1000,0.2,0.7,5,"central","none",0,1.2,"full",0.3,0.7,"ce_fdh",2,1000,0.2,7
0.137152777777778,79,576,100,100,NA,NA,0.5,0.692951912174839,0.0303819444444444,0.137152777777778,FALSE,FALSE,NA,1000,25,25,0.350528516356941,17.911,17.963,4.74780166188739,4.90486377881065,-0.0387178024225456,0.0278880716526128,2.67636201208839,2.55451825290625,"1A_score_construction","baseline_scores","baseline","sum",0.175372733073803,0.424673600998834,0.175372733073803,0.424673600998834,0.175372733073803,0.424673600998834,-0.0382199552960253,-0.0382199552960253,-0.0382199552960253,0,1000,1000,6,0.7,5,"central","none",0,1.2,1,1000,0.4,0.7,5,"central","none",0,1.2,"full",0.3,0.7,"ce_fdh",2,1000,0.4,8
0.167554322567652,4.49937401010143,26.8532255160696,100,100,NA,NA,0.5,0.692951912174839,0.0791894010621473,0.167554322567652,FALSE,FALSE,NA,1000,752,750,0.354080591034052,0.000171894284645078,8.76003529297423e-05,0.912096039208264,0.915098543164512,-0.0174552995568245,0.0267502413556974,3.07399072893744,2.91093187876,"1A_score_construction","baseline_scores","baseline","factor",0.175372733073803,0.424673600998834,0.175372733073803,0.424673600998834,0.175372733073803,0.424673600998834,-0.00781841050615087,-0.00781841050615087,-0.00781841050615087,0,1000,1000,6,0.7,5,"central","none",0,1.2,1,1000,0.4,0.7,5,"central","none",0,1.2,"full",0.3,0.7,"ce_fdh",2,1000,0.4,8
0.122529644268775,62,506,100,100,NA,NA,0.5,0.692951912174839,0.0590909090909091,0.122529644268775,FALSE,FALSE,NA,1000,23,24,0.279410189293204,18.004,17.978,3.86690275762618,3.92644023677083,-0.0433965491846904,0.00275071238147953,2.67570038771387,2.87138462531851,"1B_reliability","loading_0.50","0.5","sum",0.175372733073803,0.424673600998834,0.175372733073803,0.424673600998834,0.175372733073803,0.424673600998834,-0.0528430888050283,-0.0528430888050283,-0.0528430888050283,0,1000,1000,6,0.5,5,"central","none",0,1.2,1,1000,0.4,0.7,5,"central","none",0,1.2,"full",0.3,0.7,"ce_fdh",2,1000,0.4,8
0.0989583333333333,57,576,100,100,NA,NA,0.5,0.692951912174839,0.0605034722222222,0.0989583333333333,FALSE,FALSE,NA,1000,25,25,0.360363466673368,18.038,18.015,4.77905800293273,4.8390279180008,-0.0778477355939099,0.0621677001229568,2.62411083559708,2.51115362897375,"1B_reliability","loading_0.70","0.7","sum",0.175372733073803,0.424673600998834,0.175372733073803,0.424673600998834,0.175372733073803,0.424673600998834,-0.0764143997404697,-0.0764143997404697,-0.0764143997404697,0,1000,1000,6,0.7,5,"central","none",0,1.2,1,1000,0.4,0.7,5,"central","none",0,1.2,"full",0.3,0.7,"ce_fdh",2,1000,0.4,8
0.0815972222222222,47,576,100,100,NA,NA,0.5,0.692951912174839,0.0164930555555556,0.0815972222222222,FALSE,FALSE,NA,1000,25,25,0.383722773053999,18.034,17.986,5.42478315440095,5.59956776538682,-0.0770894985316113,0.0270630405866033,2.45493859802597,2.32238674542285,"1B_reliability","loading_0.85","0.85","sum",0.175372733073803,0.424673600998834,0.175372733073803,0.424673600998834,0.175372733073803,0.424673600998834,-0.0937755108515808,-0.0937755108515808,-0.0937755108515808,0,1000,1000,6,0.85,5,"central","none",0,1.2,1,1000,0.4,0.7,5,"central","none",0,1.2,"full",0.3,0.7,"ce_fdh",2,1000,0.4,8
0.0679012345679012,22,324,100,100,NA,NA,0.5,0.692951912174839,0.0029320987654321,0.0679012345679012,FALSE,FALSE,NA,1000,19,19,0.339755656791741,14.973,14.95,4.11499747317106,4.19536662296647,-0.0431509525541964,-0.00322779095267177,2.32905642175086,2.30830675796288,"1C_response_categories","n_cat_4","4","sum",0.175372733073803,0.424673600998834,0.175372733073803,0.424673600998834,0.175372733073803,0.424673600998834,-0.107471498505902,-0.107471498505902,-0.107471498505902,0,1000,1000,6,0.7,4,"central","none",0,1.2,1,1000,0.4,0.7,5,"central","none",0,1.2,"full",0.3,0.7,"ce_fdh",2,1000,0.4,8
0.125,72,576,100,100,NA,NA,0.5,0.692951912174839,0.0515625,0.125,FALSE,FALSE,NA,1000,25,25,0.355248608526952,17.866,17.999,4.75990553485053,4.83636117234739,0.0804802446523734,0.0302065856041056,2.6062522662198,2.49243432056258,"1C_response_categories","n_cat_5","5","sum",0.175372733073803,0.424673600998834,0.175372733073803,0.424673600998834,0.175372733073803,0.424673600998834,-0.050372733073803,-0.050372733073803,-0.050372733073803,0,1000,1000,6,0.7,5,"central","none",0,1.2,1,1000,0.4,0.7,5,"central","none",0,1.2,"full",0.3,0.7,"ce_fdh",2,1000,0.4,8
0.177361853832442,199,1122,100,100,NA,NA,0.5,0.692951912174839,0.0856951871657754,0.177361853832442,FALSE,FALSE,NA,1000,32,34,0.34598537861853,23.988,23.927,5.3278740828066,5.41026264999602,-0.0324859157035273,0.0189520645273315,3.05986435287071,2.92678265681258,"1C_response_categories","n_cat_7","7","sum",0.175372733073803,0.424673600998834,0.175372733073803,0.424673600998834,0.175372733073803,0.424673600998834,0.00198912075863902,0.00198912075863902,0.00198912075863902,0,1000,1000,6,0.7,7,"central","none",0,1.2,1,1000,0.4,0.7,5,"central","none",0,1.2,"full",0.3,0.7,"ce_fdh",2,1000,0.4,8
0.117753623188406,65,552,100,100,NA,NA,0.5,0.692951912174839,0.033786231884058,0.117753623188406,FALSE,FALSE,NA,1000,24,25,0.374367142039053,21.153,21.094,4.57936257153346,4.63061622320471,-0.326937975786793,-0.2330246798268,2.63051871517118,2.60153987418101,"1D_threshold_shift","lower_0.50","lower_0.50","sum",0.175372733073803,0.424673600998834,0.175372733073803,0.424673600998834,0.175372733073803,0.424673600998834,-0.0576191098853973,-0.0576191098853973,-0.0576191098853973,0,1000,1000,6,0.7,5,"shifted","lower",0.5,1.2,1,1000,0.4,0.7,5,"central","none",0,1.2,"full",0.3,0.7,"ce_fdh",2,1000,0.4,8
0.109848484848485,58,528,100,100,NA,NA,0.5,0.692951912174839,0.0391098484848485,0.109848484848485,FALSE,FALSE,NA,1000,23,22,0.37100926018051,22.262,22.31,4.45951154760734,4.44608453222244,-0.420936123703377,-0.337259861210576,2.68511182500318,2.64219872764033,"1D_threshold_shift","lower_0.70","lower_0.70","sum",0.175372733073803,0.424673600998834,0.175372733073803,0.424673600998834,0.175372733073803,0.424673600998834,-0.0655242482253182,-0.0655242482253182,-0.0655242482253182,0,1000,1000,6,0.7,5,"shifted","lower",0.7,1.2,1,1000,0.4,0.7,5,"central","none",0,1.2,"full",0.3,0.7,"ce_fdh",2,1000,0.4,8
0.0868421052631579,33,380,100,100,NA,NA,0.5,0.692951912174839,0.0182894736842105,0.0868421052631579,FALSE,FALSE,NA,1000,21,20,0.357526178438287,23.907,23.954,4.19451367204172,4.09153084121636,-0.706202927151778,-0.587606902664344,3.165186030316,2.78118883848296,"1D_threshold_shift","lower_1.00","lower_1.00","sum",0.175372733073803,0.424673600998834,0.175372733073803,0.424673600998834,0.175372733073803,0.424673600998834,-0.0885306278106451,-0.0885306278106451,-0.0885306278106451,0,1000,1000,6,0.7,5,"shifted","lower",1,1.2,1,1000,0.4,0.7,5,"central","none",0,1.2,"full",0.3,0.7,"ce_fdh",2,1000,0.4,8
0.0833333333333333,46,552,100,100,NA,NA,0.5,0.692951912174839,0.0326992753623188,0.0833333333333333,FALSE,FALSE,NA,1000,25,24,0.333292177265111,14.87,14.868,4.49280372209662,4.7060304634291,0.226231334464593,0.329616131073255,2.73961777673339,2.57902934938222,"1D_threshold_shift","upper_0.50","upper_0.50","sum",0.175372733073803,0.424673600998834,0.175372733073803,0.424673600998834,0.175372733073803,0.424673600998834,-0.0920393997404697,-0.0920393997404697,-0.0920393997404697,0,1000,1000,6,0.7,5,"shifted","upper",0.5,1.2,1,1000,0.4,0.7,5,"central","none",0,1.2,"full",0.3,0.7,"ce_fdh",2,1000,0.4,8
0.0833333333333333,44,528,100,100,NA,NA,0.5,0.692951912174839,0.0353219696969697,0.0833333333333333,FALSE,FALSE,NA,1000,23,23,0.288443428865938,13.87,13.822,4.53206792089876,4.55906800794868,0.390695044667775,0.416014116356179,2.77220928764024,2.60137682128528,"1D_threshold_shift","upper_0.70","upper_0.70","sum",0.175372733073803,0.424673600998834,0.175372733073803,0.424673600998834,0.175372733073803,0.424673600998834,-0.0920393997404697,-0.0920393997404697,-0.0920393997404697,0,1000,1000,6,0.7,5,"shifted","upper",0.7,1.2,1,1000,0.4,0.7,5,"central","none",0,1.2,"full",0.3,0.7,"ce_fdh",2,1000,0.4,8
0.0766045548654244,37,483,100,100,NA,NA,0.5,0.692951912174839,0.0371635610766046,0.0766045548654244,FALSE,FALSE,NA,1000,23,22,0.348062468174657,12.121,12.192,4.03244586071774,4.27544330045615,0.656923612454997,0.701531425029273,3.21234045411899,3.0531869463575,"1D_threshold_shift","upper_1.00","upper_1.00","sum",0.175372733073803,0.424673600998834,0.175372733073803,0.424673600998834,0.175372733073803,0.424673600998834,-0.0987681782083786,-0.0987681782083786,-0.0987681782083786,0,1000,1000,6,0.7,5,"shifted","upper",1,1.2,1,1000,0.4,0.7,5,"central","none",0,1.2,"full",0.3,0.7,"ce_fdh",2,1000,0.4,8
0.12280701754386,56,456,100,100,NA,NA,0.5,0.692951912174839,0.0951754385964912,0.12280701754386,FALSE,FALSE,NA,700,20,24,0.262906995308725,15.8785714285714,16.9828571428571,3.69329876304594,4.55640131787668,-0.300140679511656,0.0323837051038415,2.63724891545846,2.52262136644204,"1E_range_restriction","x_lower","x_lower","sum",0.175372733073803,0.424673600998834,0.175372733073803,0.424673600998834,0.258099625301776,0.335461618638473,-0.0525657155299434,-0.0525657155299434,-0.135292607757916,0.0827268922279729,1000,700,6,0.7,5,"central","none",0,1.2,1,1000,0.4,0.7,5,"central","none",0,1.2,"full",0.3,0.7,"ce_fdh",2,1000,0.4,8
0.0625,30,480,100,100,NA,NA,1,0,0.0744791666666667,0.0625,FALSE,FALSE,NA,700,21,25,0.21767338588299,20.2628571428571,18.8714285714286,3.50956882965993,4.56120804647688,0.174689089754742,-0.0196804119981939,2.71810908870034,2.71368502899555,"1E_range_restriction","x_upper","x_upper","sum",0.175372733073803,0.424673600998834,0.175372733073803,0.424673600998834,0.0468473238311997,0.289799055501995,-0.112872733073803,-0.112872733073803,0.0156526761688003,-0.128525409242603,1000,700,6,0.7,5,"central","none",0,1.2,1,1000,0.4,0.7,5,"central","none",0,1.2,"full",0.3,0.7,"ce_fdh",2,1000,0.4,8
0.0503432494279176,22,437,100,100,NA,NA,1,0,0.0973684210526316,0.0503432494279176,FALSE,FALSE,NA,700,24,20,0.187506851933281,17.0728571428571,15.7914285714286,4.60131291298434,3.67054325664422,0.0131394901745484,-0.185139069462193,2.70566254184533,2.43033339912272,"1E_range_restriction","y_lower","y_lower","sum",0.175372733073803,0.424673600998834,0.175372733073803,0.424673600998834,0.082910363995941,0.343947913946153,-0.125029483645885,-0.125029483645885,-0.0325671145680234,-0.0924623690778621,1000,700,6,0.7,5,"central","none",0,1.2,1,1000,0.4,0.7,5,"central","none",0,1.2,"full",0.3,0.7,"ce_fdh",2,1000,0.4,8
0.125,54,432,100,100,NA,NA,0.5,0.692951912174839,0.106018518518519,0.125,FALSE,FALSE,NA,700,25,19,0.180864013573343,18.9614285714286,20.2685714285714,4.38653789388186,3.71508708674905,-0.0322021970994019,0.373539402421062,2.79135691182819,2.71585774481266,"1E_range_restriction","y_upper","y_upper","sum",0.175372733073803,0.424673600998834,0.175372733073803,0.424673600998834,0.225396141758805,0.293745954094688,-0.050372733073803,-0.050372733073803,-0.100396141758805,0.0500234086850015,1000,700,6,0.7,5,"central","none",0,1.2,1,1000,0.4,0.7,5,"central","none",0,1.2,"full",0.3,0.7,"ce_fdh",2,1000,0.4,8
0.15625,90,576,100,100,NA,NA,0.5,0.692951912174839,0.0420138888888889,0.15625,FALSE,FALSE,NA,1000,25,25,0.486481286188139,18.021,17.978,4.81765178990437,4.72438735031706,-0.0326227322084851,0.0167063786934543,2.45190333285761,2.54377295167836,"1A_score_construction","baseline_scores","baseline","sum",0.212362851848642,0.591537240562276,0.212362851848642,0.591537240562276,0.212362851848642,0.591537240562276,-0.0561128518486421,-0.0561128518486421,-0.0561128518486421,0,1000,1000,6,0.7,5,"central","none",0,1.2,1,1000,0.6,0.7,5,"central","none",0,1.2,"full",0.3,0.7,"ce_fdh",2,1000,0.6,9
0.186049941533937,5.03006938781484,27.0361245284095,100,100,NA,NA,0.5,0.692951912174839,0.0890610314313633,0.186049941533937,FALSE,FALSE,NA,1000,754,774,0.489526853924906,0.000199157483253344,0.000374869383621732,0.905781907856452,0.903912500986436,-0.00270483195118038,0.0148597005091997,2.70576083928976,2.87054715673454,"1A_score_construction","baseline_scores","baseline","factor",0.212362851848642,0.591537240562276,0.212362851848642,0.591537240562276,0.212362851848642,0.591537240562276,-0.0263129103147049,-0.0263129103147049,-0.0263129103147049,0,1000,1000,6,0.7,5,"central","none",0,1.2,1,1000,0.6,0.7,5,"central","none",0,1.2,"full",0.3,0.7,"ce_fdh",2,1000,0.6,9
0.154761904761905,78,504,100,100,NA,NA,0.5,0.692951912174839,0.0947420634920635,0.154761904761905,FALSE,FALSE,NA,1000,22,24,0.366425398533852,17.986,17.972,3.73841942266779,3.87042584171254,0.0282961561652189,0.0654901211369643,2.62458539069951,2.87257951847582,"1B_reliability","loading_0.50","0.5","sum",0.212362851848642,0.591537240562276,0.212362851848642,0.591537240562276,0.212362851848642,0.591537240562276,-0.0576009470867373,-0.0576009470867373,-0.0576009470867373,0,1000,1000,6,0.5,5,"central","none",0,1.2,1,1000,0.6,0.7,5,"central","none",0,1.2,"full",0.3,0.7,"ce_fdh",2,1000,0.6,9
0.0850694444444444,49,576,100,100,NA,NA,0.5,0.692951912174839,0.0430555555555556,0.0850694444444444,FALSE,FALSE,NA,1000,25,25,0.484413324621694,17.983,18.012,4.77215721497988,4.87930975278919,-0.0513689571382584,0.015613825115957,2.54849094672568,2.59145346337235,"1B_reliability","loading_0.70","0.7","sum",0.212362851848642,0.591537240562276,0.212362851848642,0.591537240562276,0.212362851848642,0.591537240562276,-0.127293407404198,-0.127293407404198,-0.127293407404198,0,1000,1000,6,0.7,5,"central","none",0,1.2,1,1000,0.6,0.7,5,"central","none",0,1.2,"full",0.3,0.7,"ce_fdh",2,1000,0.6,9
0.0972222222222222,56,576,100,100,NA,NA,0.5,0.692951912174839,0.0134548611111111,0.0972222222222222,FALSE,FALSE,NA,1000,25,25,0.553103616542349,18.051,17.944,5.52058655179646,5.50119324575379,-0.0381184124148093,-0.0014698364130057,2.4435879988329,2.40296535708835,"1B_reliability","loading_0.85","0.85","sum",0.212362851848642,0.591537240562276,0.212362851848642,0.591537240562276,0.212362851848642,0.591537240562276,-0.11514062962642,-0.11514062962642,-0.11514062962642,0,1000,1000,6,0.85,5,"central","none",0,1.2,1,1000,0.6,0.7,5,"central","none",0,1.2,"full",0.3,0.7,"ce_fdh",2,1000,0.6,9
0.0679012345679012,22,324,100,100,NA,NA,0.5,0.692951912174839,0.0334876543209877,0.0679012345679012,FALSE,FALSE,NA,1000,19,19,0.483345953393231,14.97,15.108,4.17043073224967,4.11086794183847,-0.0241019320083742,-0.0442077644273713,2.23782837793806,2.3002085305386,"1C_response_categories","n_cat_4","4","sum",0.212362851848642,0.591537240562276,0.212362851848642,0.591537240562276,0.212362851848642,0.591537240562276,-0.144461617280741,-0.144461617280741,-0.144461617280741,0,1000,1000,6,0.7,4,"central","none",0,1.2,1,1000,0.6,0.7,5,"central","none",0,1.2,"full",0.3,0.7,"ce_fdh",2,1000,0.6,9
0.126736111111111,73,576,100,100,NA,NA,0.5,0.692951912174839,0.0602430555555556,0.126736111111111,FALSE,FALSE,NA,1000,25,25,0.473750807663487,18.014,18.044,4.72357027216872,4.84102256754702,-0.0474621816201411,-0.0129965136425562,2.54155549713041,2.4358237628299,"1C_response_categories","n_cat_5","5","sum",0.212362851848642,0.591537240562276,0.212362851848642,0.591537240562276,0.212362851848642,0.591537240562276,-0.085626740737531,-0.085626740737531,-0.085626740737531,0,1000,1000,6,0.7,5,"central","none",0,1.2,1,1000,0.6,0.7,5,"central","none",0,1.2,"full",0.3,0.7,"ce_fdh",2,1000,0.6,9
0.158357771260997,162,1023,100,100,NA,NA,0.5,0.692951912174839,0.0761485826001955,0.158357771260997,FALSE,FALSE,NA,1000,33,32,0.482808585672097,24.003,24.022,5.28837952098353,5.34865629145528,0.0170625488142541,-0.02826035389772,2.85946314655013,2.91378956133012,"1C_response_categories","n_cat_7","7","sum",0.212362851848642,0.591537240562276,0.212362851848642,0.591537240562276,0.212362851848642,0.591537240562276,-0.054005080587645,-0.054005080587645,-0.054005080587645,0,1000,1000,6,0.7,7,"central","none",0,1.2,1,1000,0.6,0.7,5,"central","none",0,1.2,"full",0.3,0.7,"ce_fdh",2,1000,0.6,9
0.0978260869565217,54,552,100,100,NA,NA,0.5,0.692951912174839,0.0500905797101449,0.0978260869565217,FALSE,FALSE,NA,1000,24,24,0.48144684597286,21.155,21.109,4.64139176514087,4.63104367994576,-0.264193421742951,-0.345170309937979,2.44493175966537,2.67304446718907,"1D_threshold_shift","lower_0.50","lower_0.50","sum",0.212362851848642,0.591537240562276,0.212362851848642,0.591537240562276,0.212362851848642,0.591537240562276,-0.11453676489212,-0.11453676489212,-0.11453676489212,0,1000,1000,6,0.7,5,"shifted","lower",0.5,1.2,1,1000,0.6,0.7,5,"central","none",0,1.2,"full",0.3,0.7,"ce_fdh",2,1000,0.6,9
0.107142857142857,54,504,100,100,NA,NA,0.5,0.692951912174839,0.0431547619047619,0.107142857142857,FALSE,FALSE,NA,1000,23,22,0.475229902520415,22.215,22.319,4.43671719399146,4.30764376368274,-0.41995739089165,-0.372913117650863,2.73384545217108,2.75849144267683,"1D_threshold_shift","lower_0.70","lower_0.70","sum",0.212362851848642,0.591537240562276,0.212362851848642,0.591537240562276,0.212362851848642,0.591537240562276,-0.105219994705785,-0.105219994705785,-0.105219994705785,0,1000,1000,6,0.7,5,"shifted","lower",0.7,1.2,1,1000,0.6,0.7,5,"central","none",0,1.2,"full",0.3,0.7,"ce_fdh",2,1000,0.6,9
0.138321995464853,61,441,100,100,NA,NA,0.5,0.692951912174839,0.0529478458049887,0.138321995464853,FALSE,FALSE,NA,1000,22,22,0.447379512307534,23.9,24.003,4.12395526248855,4.04491685357713,-0.606278052903815,-0.607976980170871,2.86552554170008,2.92768380108088,"1D_threshold_shift","lower_1.00","lower_1.00","sum",0.212362851848642,0.591537240562276,0.212362851848642,0.591537240562276,0.212362851848642,0.591537240562276,-0.0740408563837895,-0.0740408563837895,-0.0740408563837895,0,1000,1000,6,0.7,5,"shifted","lower",1,1.2,1,1000,0.6,0.7,5,"central","none",0,1.2,"full",0.3,0.7,"ce_fdh",2,1000,0.6,9
0.118577075098814,60,506,100,100,NA,NA,0.5,0.692951912174839,0.0406126482213439,0.118577075098814,FALSE,FALSE,NA,1000,24,22,0.477350158710762,14.944,14.894,4.66890379668104,4.59563748394974,0.23949381551815,0.185562768275798,2.6338349795333,2.43174801120088,"1D_threshold_shift","upper_0.50","upper_0.50","sum",0.212362851848642,0.591537240562276,0.212362851848642,0.591537240562276,0.212362851848642,0.591537240562276,-0.0937857767498279,-0.0937857767498279,-0.0937857767498279,0,1000,1000,6,0.7,5,"shifted","upper",0.5,1.2,1,1000,0.6,0.7,5,"central","none",0,1.2,"full",0.3,0.7,"ce_fdh",2,1000,0.6,9
0.101731601731602,47,462,100,100,NA,NA,0.5,0.692951912174839,0.0715367965367965,0.101731601731602,FALSE,FALSE,NA,1000,22,23,0.462167448640447,13.659,13.731,4.40819136961534,4.34989201711497,0.398384403392101,0.375484350574602,2.54277956732505,2.67380024712286,"1D_threshold_shift","upper_0.70","upper_0.70","sum",0.212362851848642,0.591537240562276,0.212362851848642,0.591537240562276,0.212362851848642,0.591537240562276,-0.11063125011704,-0.11063125011704,-0.11063125011704,0,1000,1000,6,0.7,5,"shifted","upper",0.7,1.2,1,1000,0.6,0.7,5,"central","none",0,1.2,"full",0.3,0.7,"ce_fdh",2,1000,0.6,9
0.0861244019138756,36,418,100,100,NA,NA,0.5,0.692951912174839,0.0260765550239234,0.0861244019138756,FALSE,FALSE,NA,1000,21,20,0.486987880067632,12.153,12.172,4.20919330849847,4.09501955858396,0.635507078396496,0.601493809465453,2.96272329265278,2.85687758396029,"1D_threshold_shift","upper_1.00","upper_1.00","sum",0.212362851848642,0.591537240562276,0.212362851848642,0.591537240562276,0.212362851848642,0.591537240562276,-0.126238449934766,-0.126238449934766,-0.126238449934766,0,1000,1000,6,0.7,5,"shifted","upper",1,1.2,1,1000,0.6,0.7,5,"central","none",0,1.2,"full",0.3,0.7,"ce_fdh",2,1000,0.6,9
0.118686868686869,47,396,100,100,NA,NA,0.5,0.692951912174839,0.0779040404040404,0.118686868686869,FALSE,FALSE,NA,700,19,23,0.329520616685506,15.8257142857143,16.74,3.66336250062077,4.33548092485544,-0.30706823324711,-0.064503316363028,2.65144844387832,2.54837689633478,"1E_range_restriction","x_lower","x_lower","sum",0.212362851848642,0.591537240562276,0.212362851848642,0.591537240562276,0.282680174983409,0.460138975260148,-0.0936759831617734,-0.0936759831617734,-0.163993306296541,0.0703173231347674,1000,700,6,0.7,5,"central","none",0,1.2,1,1000,0.6,0.7,5,"central","none",0,1.2,"full",0.3,0.7,"ce_fdh",2,1000,0.6,9
0.0778032036613272,34,437,100,100,NA,NA,0.5,0.692951912174839,0.0725400457665904,0.0778032036613272,FALSE,FALSE,NA,700,20,24,0.338384755767834,20.1785714285714,19.2728571428571,3.65004920331125,4.30172542248618,0.327789651471118,-0.0786287800617624,2.56171445588575,2.81020355153938,"1E_range_restriction","x_upper","x_upper","sum",0.212362851848642,0.591537240562276,0.212362851848642,0.591537240562276,0.0696408245156724,0.446146727370478,-0.134559648187315,-0.134559648187315,0.00816237914565487,-0.14272202733297,1000,700,6,0.7,5,"central","none",0,1.2,1,1000,0.6,0.7,5,"central","none",0,1.2,"full",0.3,0.7,"ce_fdh",2,1000,0.6,9
0.0813397129186603,34,418,100,100,NA,NA,0.5,0.692951912174839,0.047488038277512,0.0813397129186603,FALSE,FALSE,NA,700,23,20,0.368233042932194,16.8171428571429,15.9385714285714,4.49042763252124,3.68237471029917,0.00312665760011083,-0.358944390500265,2.48390651194355,2.59601762504021,"1E_range_restriction","y_lower","y_lower","sum",0.212362851848642,0.591537240562276,0.212362851848642,0.591537240562276,0.0698105083128827,0.470734913517483,-0.131023138929982,-0.131023138929982,0.0115292046057776,-0.142552343535759,1000,700,6,0.7,5,"central","none",0,1.2,1,1000,0.6,0.7,5,"central","none",0,1.2,"full",0.3,0.7,"ce_fdh",2,1000,0.6,9
0.105263157894737,46,437,100,100,NA,NA,0.5,0.692951912174839,0.0610983981693364,0.105263157894737,FALSE,FALSE,NA,700,24,20,0.345379778217635,19.34,20.2542857142857,4.34247083268974,3.66140938155094,-0.122229110972605,0.214322766575672,2.75743613638858,2.44365551140595,"1E_range_restriction","y_upper","y_upper","sum",0.212362851848642,0.591537240562276,0.212362851848642,0.591537240562276,0.270167862350873,0.428197204446616,-0.107099693953905,-0.107099693953905,-0.164904704456136,0.0578050105022309,1000,700,6,0.7,5,"central","none",0,1.2,1,1000,0.6,0.7,5,"central","none",0,1.2,"full",0.3,0.7,"ce_fdh",2,1000,0.6,9
