"rep_id","n_input","beta","n_cat","effect_size_fast","p_value_fast","effect_size_nca","p_value_nca","nca_error"
1,500,0.4,5,0,1,NA,NA,"subscript out of bounds | fallback failed: subscript out of bounds"
2,500,0.4,5,0,1,0,1,NA
3,500,0.4,5,0.0625,0.016983016983017,0.0625,0.011988011988012,NA
4,500,0.4,5,0,1,NA,NA,"subscript out of bounds | fallback failed: subscript out of bounds"
5,500,0.4,5,0.0625,0.00999000999000999,0.0625,0.015984015984016,NA
6,500,0.4,5,0.0625,0.011988011988012,0.0625,0.010989010989011,NA
7,500,0.4,5,0,1,0,1,NA
8,500,0.4,5,0.0625,0.030969030969031,0.0625,0.026973026973027,NA
9,500,0.4,5,0.0625,0.00699300699300699,0.0625,0.00699300699300699,NA
10,500,0.4,5,0,1,NA,NA,"subscript out of bounds | fallback failed: subscript out of bounds"
11,500,0.4,5,0.0625,0.016983016983017,0.0625,0.026973026973027,NA
12,500,0.4,5,0.0625,0.0659340659340659,0.0625,0.0819180819180819,NA
13,500,0.4,5,0,1,NA,NA,"subscript out of bounds | fallback failed: subscript out of bounds"
14,500,0.4,5,0.0625,0.020979020979021,0.0625,0.017982017982018,NA
15,500,0.4,5,0.0625,0.015984015984016,0.0625,0.017982017982018,NA
16,500,0.4,5,0.0625,0.010989010989011,0.0625,0.012987012987013,NA
17,500,0.4,5,0,1,0,1,NA
18,500,0.4,5,0.0625,0.020979020979021,0.0625,0.028971028971029,NA
19,500,0.4,5,0.0625,0.026973026973027,0.0625,0.027972027972028,NA
20,500,0.4,5,0.0625,0.003996003996004,0.0625,0.00599400599400599,NA
21,500,0.4,5,0,1,NA,NA,"subscript out of bounds | fallback failed: subscript out of bounds"
22,500,0.4,5,0.0625,0.012987012987013,0.0625,0.018981018981019,NA
23,500,0.4,5,0.0625,0.035964035964036,0.0625,0.047952047952048,NA
24,500,0.4,5,0,1,NA,NA,"subscript out of bounds | fallback failed: subscript out of bounds"
25,500,0.4,5,0,1,NA,NA,"subscript out of bounds | fallback failed: subscript out of bounds"
26,500,0.4,5,0,1,NA,NA,"subscript out of bounds | fallback failed: subscript out of bounds"
27,500,0.4,5,0.0625,0.041958041958042,0.0625,0.02997002997003,NA
28,500,0.4,5,0.0625,0.022977022977023,0.0625,0.024975024975025,NA
29,500,0.4,5,0,1,NA,NA,"subscript out of bounds | fallback failed: subscript out of bounds"
30,500,0.4,5,0.0625,0.046953046953047,0.0625,0.047952047952048,NA
31,500,0.4,5,0.0625,0.024975024975025,0.0625,0.015984015984016,NA
32,500,0.4,5,0,1,NA,NA,"subscript out of bounds | fallback failed: subscript out of bounds"
33,500,0.4,5,0.0625,0.012987012987013,0.0625,0.011988011988012,NA
34,500,0.4,5,0.0625,0.038961038961039,0.0625,0.028971028971029,NA
35,500,0.4,5,0,1,NA,NA,"subscript out of bounds | fallback failed: subscript out of bounds"
36,500,0.4,5,0.0625,0.010989010989011,0.0625,0.015984015984016,NA
37,500,0.4,5,0.0625,0.035964035964036,0.0625,0.02997002997003,NA
38,500,0.4,5,0.0625,0.026973026973027,0.0625,0.034965034965035,NA
39,500,0.4,5,0,1,NA,NA,"subscript out of bounds | fallback failed: subscript out of bounds"
40,500,0.4,5,0,1,NA,NA,"subscript out of bounds | fallback failed: subscript out of bounds"
41,500,0.4,5,0.0625,0.00999000999000999,0.0625,0.017982017982018,NA
42,500,0.4,5,0.0625,0.014985014985015,0.0625,0.025974025974026,NA
43,500,0.4,5,0,1,NA,NA,"subscript out of bounds | fallback failed: subscript out of bounds"
44,500,0.4,5,0.0625,0.00599400599400599,0.0625,0.00599400599400599,NA
45,500,0.4,5,0.0625,0.00599400599400599,0.0625,0.002997002997003,NA
46,500,0.4,5,0,1,NA,NA,"subscript out of bounds | fallback failed: subscript out of bounds"
47,500,0.4,5,0.0625,0.010989010989011,0.0625,0.011988011988012,NA
48,500,0.4,5,0.0625,0.027972027972028,0.0625,0.030969030969031,NA
49,500,0.4,5,0,1,NA,NA,"subscript out of bounds | fallback failed: subscript out of bounds"
50,500,0.4,5,0,1,0,1,NA
51,500,0.4,5,0.0625,0.028971028971029,0.0625,0.031968031968032,NA
52,500,0.4,5,0,1,0,1,NA
53,500,0.4,5,0.0625,0.023976023976024,0.0625,0.01998001998002,NA
54,500,0.4,5,0.0625,0.0759240759240759,0.0625,0.0569430569430569,NA
55,500,0.4,5,0,1,0,1,NA
56,500,0.4,5,0.0625,0.050949050949051,0.0625,0.032967032967033,NA
57,500,0.4,5,0.0625,0.0639360639360639,0.0625,0.0529470529470529,NA
58,500,0.4,5,0,1,NA,NA,"subscript out of bounds | fallback failed: subscript out of bounds"
59,500,0.4,5,0,1,0,1,NA
60,500,0.4,5,0,1,0,1,NA
61,500,0.4,5,0,1,NA,NA,"subscript out of bounds | fallback failed: subscript out of bounds"
62,500,0.4,5,0.0625,0.016983016983017,0.0625,0.021978021978022,NA
63,500,0.4,5,0.0625,0.013986013986014,0.0625,0.018981018981019,NA
64,500,0.4,5,0.0625,0.0649350649350649,0.0625,0.0669330669330669,NA
65,500,0.4,5,0.0625,0.014985014985015,0.0625,0.015984015984016,NA
66,500,0.4,5,0,1,NA,NA,"subscript out of bounds | fallback failed: subscript out of bounds"
67,500,0.4,5,0.0625,0.00599400599400599,0.0625,0.00699300699300699,NA
68,500,0.4,5,0.0625,0.00699300699300699,0.0625,0.010989010989011,NA
69,500,0.4,5,0.125,0.001,0.125,0.001,NA
70,500,0.4,5,0.0625,0.028971028971029,0.0625,0.015984015984016,NA
71,500,0.4,5,0,1,NA,NA,"subscript out of bounds | fallback failed: subscript out of bounds"
72,500,0.4,5,0.0625,0.023976023976024,0.0625,0.027972027972028,NA
73,500,0.4,5,0,1,0,1,NA
74,500,0.4,5,0,1,NA,NA,"subscript out of bounds | fallback failed: subscript out of bounds"
75,500,0.4,5,0,1,0,1,NA
76,500,0.4,5,0.125,0.001,0.125,0.001,NA
77,500,0.4,5,0,1,0,1,NA
78,500,0.4,5,0.0625,0.013986013986014,0.0625,0.00799200799200799,NA
79,500,0.4,5,0.0625,0.018981018981019,0.0625,0.020979020979021,NA
80,500,0.4,5,0,1,NA,NA,"subscript out of bounds | fallback failed: subscript out of bounds"
81,500,0.4,5,0.0625,0.027972027972028,0.0625,0.037962037962038,NA
82,500,0.4,5,0.0625,0.015984015984016,0.0625,0.017982017982018,NA
83,500,0.4,5,0,1,NA,NA,"subscript out of bounds | fallback failed: subscript out of bounds"
84,500,0.4,5,0.125,0.001,0.125,0.001,NA
85,500,0.4,5,0.0625,0.023976023976024,0.0625,0.035964035964036,NA
86,500,0.4,5,0,1,0,1,NA
87,500,0.4,5,0,1,NA,NA,"subscript out of bounds | fallback failed: subscript out of bounds"
88,500,0.4,5,0.125,0.001,0.125,0.001,NA
89,500,0.4,5,0,1,NA,NA,"subscript out of bounds | fallback failed: subscript out of bounds"
90,500,0.4,5,0.0625,0.031968031968032,0.0625,0.022977022977023,NA
91,500,0.4,5,0.0625,0.04995004995005,0.0625,0.025974025974026,NA
92,500,0.4,5,0.0625,0.023976023976024,0.0625,0.013986013986014,NA
93,500,0.4,5,0,1,0,1,NA
94,500,0.4,5,0.0625,0.0789210789210789,0.0625,0.0769230769230769,NA
95,500,0.4,5,0.0625,0.011988011988012,0.0625,0.00799200799200799,NA
96,500,0.4,5,0,1,NA,NA,"subscript out of bounds | fallback failed: subscript out of bounds"
97,500,0.4,5,0.0625,0.021978021978022,0.0625,0.034965034965035,NA
98,500,0.4,5,0.0625,0.013986013986014,0.0625,0.023976023976024,NA
99,500,0.4,5,0.0625,0.027972027972028,0.0625,0.020979020979021,NA
100,500,0.4,5,0.0625,0.022977022977023,0.0625,0.02997002997003,NA
101,500,0.4,5,0,1,0,1,NA
102,500,0.4,5,0,1,NA,NA,"subscript out of bounds | fallback failed: subscript out of bounds"
103,500,0.4,5,0.0625,0.035964035964036,0.0625,0.025974025974026,NA
104,500,0.4,5,0.0625,0.030969030969031,0.0625,0.027972027972028,NA
105,500,0.4,5,0.0625,0.044955044955045,0.0625,0.035964035964036,NA
106,500,0.4,5,0,1,NA,NA,"subscript out of bounds | fallback failed: subscript out of bounds"
107,500,0.4,5,0.0625,0.011988011988012,0.0625,0.014985014985015,NA
108,500,0.4,5,0.0625,0.01998001998002,0.0625,0.012987012987013,NA
109,500,0.4,5,0,1,NA,NA,"subscript out of bounds | fallback failed: subscript out of bounds"
110,500,0.4,5,0.0625,0.014985014985015,0.0625,0.015984015984016,NA
111,500,0.4,5,0.0625,0.027972027972028,0.0625,0.02997002997003,NA
112,500,0.4,5,0,1,NA,NA,"subscript out of bounds | fallback failed: subscript out of bounds"
113,500,0.4,5,0.0625,0.012987012987013,0.0625,0.014985014985015,NA
114,500,0.4,5,0.0625,0.00799200799200799,0.0625,0.010989010989011,NA
115,500,0.4,5,0,1,0,1,NA
116,500,0.4,5,0,1,0,1,NA
117,500,0.4,5,0,1,NA,NA,"subscript out of bounds | fallback failed: subscript out of bounds"
118,500,0.4,5,0,1,0,1,NA
119,500,0.4,5,0.0625,0.0579420579420579,0.0625,0.048951048951049,NA
120,500,0.4,5,0.0625,0.043956043956044,0.0625,0.03996003996004,NA
121,500,0.4,5,0,1,NA,NA,"subscript out of bounds | fallback failed: subscript out of bounds"
122,500,0.4,5,0.0625,0.015984015984016,0.0625,0.017982017982018,NA
123,500,0.4,5,0.0625,0.020979020979021,0.0625,0.014985014985015,NA
124,500,0.4,5,0,1,NA,NA,"subscript out of bounds | fallback failed: subscript out of bounds"
125,500,0.4,5,0,1,NA,NA,"subscript out of bounds | fallback failed: subscript out of bounds"
126,500,0.4,5,0,1,NA,NA,"subscript out of bounds | fallback failed: subscript out of bounds"
127,500,0.4,5,0.0625,0.00699300699300699,0.0625,0.010989010989011,NA
128,500,0.4,5,0,1,NA,NA,"subscript out of bounds | fallback failed: subscript out of bounds"
129,500,0.4,5,0.0625,0.00599400599400599,0.0625,0.00799200799200799,NA
130,500,0.4,5,0.0625,0.032967032967033,0.0625,0.026973026973027,NA
131,500,0.4,5,0.0625,0.00799200799200799,0.0625,0.011988011988012,NA
132,500,0.4,5,0,1,NA,NA,"subscript out of bounds | fallback failed: subscript out of bounds"
133,500,0.4,5,0.0625,0.023976023976024,0.0625,0.036963036963037,NA
134,500,0.4,5,0.0625,0.028971028971029,0.0625,0.021978021978022,NA
135,500,0.4,5,0.0625,0.011988011988012,0.0625,0.016983016983017,NA
136,500,0.4,5,0.0625,0.023976023976024,0.0625,0.011988011988012,NA
137,500,0.4,5,0,1,NA,NA,"subscript out of bounds | fallback failed: subscript out of bounds"
138,500,0.4,5,0,1,NA,NA,"subscript out of bounds | fallback failed: subscript out of bounds"
139,500,0.4,5,0,1,0,1,NA
140,500,0.4,5,0.0625,0.016983016983017,0.0625,0.022977022977023,NA
141,500,0.4,5,0.0625,0.024975024975025,0.0625,0.021978021978022,NA
142,500,0.4,5,0.0625,0.010989010989011,0.0625,0.003996003996004,NA
143,500,0.4,5,0.0625,0.045954045954046,0.0625,0.047952047952048,NA
144,500,0.4,5,0,1,NA,NA,"subscript out of bounds | fallback failed: subscript out of bounds"
145,500,0.4,5,0.0625,0.018981018981019,0.0625,0.013986013986014,NA
146,500,0.4,5,0.0625,0.027972027972028,0.0625,0.036963036963037,NA
147,500,0.4,5,0,1,NA,NA,"subscript out of bounds | fallback failed: subscript out of bounds"
148,500,0.4,5,0,1,NA,NA,"subscript out of bounds | fallback failed: subscript out of bounds"
149,500,0.4,5,0,1,NA,NA,"subscript out of bounds | fallback failed: subscript out of bounds"
150,500,0.4,5,0,1,NA,NA,"subscript out of bounds | fallback failed: subscript out of bounds"
151,500,0.4,5,0,1,NA,NA,"subscript out of bounds | fallback failed: subscript out of bounds"
152,500,0.4,5,0.0625,0.027972027972028,0.0625,0.026973026973027,NA
153,500,0.4,5,0.0625,0.014985014985015,0.0625,0.01998001998002,NA
154,500,0.4,5,0.0625,0.041958041958042,0.0625,0.03996003996004,NA
155,500,0.4,5,0.0625,0.026973026973027,0.0625,0.02997002997003,NA
156,500,0.4,5,0.0625,0.02997002997003,0.0625,0.034965034965035,NA
157,500,0.4,5,0.0625,0.00799200799200799,0.0625,0.013986013986014,NA
158,500,0.4,5,0.0625,0.010989010989011,0.0625,0.013986013986014,NA
159,500,0.4,5,0.0625,0.010989010989011,0.0625,0.00799200799200799,NA
160,500,0.4,5,0.0625,0.02997002997003,0.0625,0.034965034965035,NA
161,500,0.4,5,0,1,NA,NA,"subscript out of bounds | fallback failed: subscript out of bounds"
162,500,0.4,5,0.0625,0.011988011988012,0.0625,0.014985014985015,NA
163,500,0.4,5,0.0625,0.033966033966034,0.0625,0.02997002997003,NA
164,500,0.4,5,0,1,0,1,NA
165,500,0.4,5,0.0625,0.00699300699300699,0.0625,0.00599400599400599,NA
166,500,0.4,5,0.0625,0.041958041958042,0.0625,0.043956043956044,NA
167,500,0.4,5,0,1,NA,NA,"subscript out of bounds | fallback failed: subscript out of bounds"
168,500,0.4,5,0,1,NA,NA,"subscript out of bounds | fallback failed: subscript out of bounds"
169,500,0.4,5,0,1,NA,NA,"subscript out of bounds | fallback failed: subscript out of bounds"
170,500,0.4,5,0.0625,0.018981018981019,0.0625,0.015984015984016,NA
171,500,0.4,5,0,1,NA,NA,"subscript out of bounds | fallback failed: subscript out of bounds"
172,500,0.4,5,0,1,NA,NA,"subscript out of bounds | fallback failed: subscript out of bounds"
173,500,0.4,5,0.0625,0.035964035964036,0.0625,0.047952047952048,NA
174,500,0.4,5,0.0625,0.012987012987013,0.0625,0.016983016983017,NA
175,500,0.4,5,0.0625,0.018981018981019,0.0625,0.010989010989011,NA
176,500,0.4,5,0.125,0.001,0.125,0.001,NA
177,500,0.4,5,0.0625,0.011988011988012,0.0625,0.01998001998002,NA
178,500,0.4,5,0,1,0,1,NA
179,500,0.4,5,0.0625,0.038961038961039,0.0625,0.042957042957043,NA
180,500,0.4,5,0,1,NA,NA,"subscript out of bounds | fallback failed: subscript out of bounds"
181,500,0.4,5,0,1,NA,NA,"subscript out of bounds | fallback failed: subscript out of bounds"
182,500,0.4,5,0,1,NA,NA,"subscript out of bounds | fallback failed: subscript out of bounds"
183,500,0.4,5,0,1,NA,NA,"subscript out of bounds | fallback failed: subscript out of bounds"
184,500,0.4,5,0,1,NA,NA,"subscript out of bounds | fallback failed: subscript out of bounds"
185,500,0.4,5,0.0625,0.022977022977023,0.0625,0.014985014985015,NA
186,500,0.4,5,0,1,NA,NA,"subscript out of bounds | fallback failed: subscript out of bounds"
187,500,0.4,5,0.0625,0.00799200799200799,0.0625,0.011988011988012,NA
188,500,0.4,5,0.0625,0.01998001998002,0.0625,0.023976023976024,NA
189,500,0.4,5,0.0625,0.02997002997003,0.0625,0.022977022977023,NA
190,500,0.4,5,0.0625,0.021978021978022,0.0625,0.022977022977023,NA
191,500,0.4,5,0.0625,0.00699300699300699,0.0625,0.00699300699300699,NA
192,500,0.4,5,0.125,0.001,0.125,0.001,NA
193,500,0.4,5,0.0625,0.014985014985015,0.0625,0.023976023976024,NA
194,500,0.4,5,0.0625,0.003996003996004,0.0625,0.00599400599400599,NA
195,500,0.4,5,0,1,NA,NA,"subscript out of bounds | fallback failed: subscript out of bounds"
196,500,0.4,5,0,1,NA,NA,"subscript out of bounds | fallback failed: subscript out of bounds"
197,500,0.4,5,0,1,NA,NA,"subscript out of bounds | fallback failed: subscript out of bounds"
198,500,0.4,5,0,1,NA,NA,"subscript out of bounds | fallback failed: subscript out of bounds"
199,500,0.4,5,0.0625,0.031968031968032,0.0625,0.02997002997003,NA
200,500,0.4,5,0.0625,0.01998001998002,0.0625,0.032967032967033,NA
201,500,0.4,5,0,1,NA,NA,"subscript out of bounds | fallback failed: subscript out of bounds"
202,500,0.4,5,0.0625,0.023976023976024,0.0625,0.033966033966034,NA
203,500,0.4,5,0,1,NA,NA,"subscript out of bounds | fallback failed: subscript out of bounds"
204,500,0.4,5,0.0625,0.032967032967033,0.0625,0.03996003996004,NA
205,500,0.4,5,0.0625,0.017982017982018,0.0625,0.016983016983017,NA
206,500,0.4,5,0,1,0,1,NA
207,500,0.4,5,0.0625,0.017982017982018,0.0625,0.013986013986014,NA
208,500,0.4,5,0.0625,0.027972027972028,0.0625,0.022977022977023,NA
209,500,0.4,5,0.0625,0.032967032967033,0.0625,0.034965034965035,NA
210,500,0.4,5,0.0625,0.03996003996004,0.0625,0.034965034965035,NA
211,500,0.4,5,0.0625,0.025974025974026,0.0625,0.018981018981019,NA
212,500,0.4,5,0.0625,0.00799200799200799,0.0625,0.00699300699300699,NA
213,500,0.4,5,0.0625,0.026973026973027,0.0625,0.020979020979021,NA
214,500,0.4,5,0.0625,0.010989010989011,0.0625,0.00699300699300699,NA
215,500,0.4,5,0,1,NA,NA,"subscript out of bounds | fallback failed: subscript out of bounds"
216,500,0.4,5,0.0625,0.010989010989011,0.0625,0.00599400599400599,NA
217,500,0.4,5,0.0625,0.016983016983017,0.0625,0.00599400599400599,NA
218,500,0.4,5,0.0625,0.043956043956044,0.0625,0.0549450549450549,NA
219,500,0.4,5,0.0625,0.016983016983017,0.0625,0.023976023976024,NA
220,500,0.4,5,0.0625,0.00699300699300699,0.0625,0.00599400599400599,NA
221,500,0.4,5,0.0625,0.015984015984016,0.0625,0.016983016983017,NA
222,500,0.4,5,0.0625,0.021978021978022,0.0625,0.02997002997003,NA
223,500,0.4,5,0,1,NA,NA,"subscript out of bounds | fallback failed: subscript out of bounds"
224,500,0.4,5,0,1,NA,NA,"subscript out of bounds | fallback failed: subscript out of bounds"
225,500,0.4,5,0.0625,0.026973026973027,0.0625,0.03996003996004,NA
226,500,0.4,5,0,1,NA,NA,"subscript out of bounds | fallback failed: subscript out of bounds"
227,500,0.4,5,0.0625,0.017982017982018,0.0625,0.017982017982018,NA
228,500,0.4,5,0.0625,0.023976023976024,0.0625,0.021978021978022,NA
229,500,0.4,5,0.0625,0.033966033966034,0.0625,0.023976023976024,NA
230,500,0.4,5,0.0625,0.024975024975025,0.0625,0.025974025974026,NA
231,500,0.4,5,0,1,NA,NA,"subscript out of bounds | fallback failed: subscript out of bounds"
232,500,0.4,5,0.0625,0.013986013986014,0.0625,0.028971028971029,NA
233,500,0.4,5,0.0625,0.012987012987013,0.0625,0.014985014985015,NA
234,500,0.4,5,0,1,NA,NA,"subscript out of bounds | fallback failed: subscript out of bounds"
235,500,0.4,5,0,1,NA,NA,"subscript out of bounds | fallback failed: subscript out of bounds"
236,500,0.4,5,0.0625,0.00599400599400599,0.0625,0.00699300699300699,NA
237,500,0.4,5,0,1,0,1,NA
238,500,0.4,5,0.0625,0.046953046953047,0.0625,0.048951048951049,NA
239,500,0.4,5,0,1,NA,NA,"subscript out of bounds | fallback failed: subscript out of bounds"
240,500,0.4,5,0,1,NA,NA,"subscript out of bounds | fallback failed: subscript out of bounds"
241,500,0.4,5,0,1,NA,NA,"subscript out of bounds | fallback failed: subscript out of bounds"
242,500,0.4,5,0,1,NA,NA,"subscript out of bounds | fallback failed: subscript out of bounds"
243,500,0.4,5,0.0625,0.022977022977023,0.0625,0.024975024975025,NA
244,500,0.4,5,0.0625,0.027972027972028,0.0625,0.032967032967033,NA
245,500,0.4,5,0.0625,0.022977022977023,0.0625,0.032967032967033,NA
246,500,0.4,5,0.0625,0.012987012987013,0.0625,0.013986013986014,NA
247,500,0.4,5,0,1,0,1,NA
248,500,0.4,5,0,1,NA,NA,"subscript out of bounds | fallback failed: subscript out of bounds"
249,500,0.4,5,0,1,NA,NA,"subscript out of bounds | fallback failed: subscript out of bounds"
250,500,0.4,5,0.0625,0.015984015984016,0.0625,0.011988011988012,NA
251,500,0.4,5,0.0625,0.011988011988012,0.0625,0.014985014985015,NA
252,500,0.4,5,0,1,0,1,NA
253,500,0.4,5,0.0625,0.016983016983017,0.0625,0.013986013986014,NA
254,500,0.4,5,0.0625,0.024975024975025,0.0625,0.018981018981019,NA
255,500,0.4,5,0,1,0,1,NA
256,500,0.4,5,0.0625,0.00699300699300699,0.0625,0.00899100899100899,NA
257,500,0.4,5,0,1,NA,NA,"subscript out of bounds | fallback failed: subscript out of bounds"
258,500,0.4,5,0,1,0,1,NA
259,500,0.4,5,0,1,NA,NA,"subscript out of bounds | fallback failed: subscript out of bounds"
260,500,0.4,5,0.0625,0.00999000999000999,0.0625,0.013986013986014,NA
261,500,0.4,5,0.0625,0.00899100899100899,0.0625,0.012987012987013,NA
262,500,0.4,5,0.0625,0.036963036963037,0.0625,0.03996003996004,NA
263,500,0.4,5,0.0625,0.002997002997003,0.0625,0.003996003996004,NA
264,500,0.4,5,0,1,NA,NA,"subscript out of bounds | fallback failed: subscript out of bounds"
265,500,0.4,5,0.0625,0.013986013986014,0.0625,0.021978021978022,NA
266,500,0.4,5,0.0625,0.035964035964036,0.0625,0.040959040959041,NA
267,500,0.4,5,0.0625,0.015984015984016,0.0625,0.026973026973027,NA
268,500,0.4,5,0.0625,0.011988011988012,0.0625,0.010989010989011,NA
269,500,0.4,5,0,1,NA,NA,"subscript out of bounds | fallback failed: subscript out of bounds"
270,500,0.4,5,0,1,0,1,NA
271,500,0.4,5,0,1,NA,NA,"subscript out of bounds | fallback failed: subscript out of bounds"
272,500,0.4,5,0,1,NA,NA,"subscript out of bounds | fallback failed: subscript out of bounds"
273,500,0.4,5,0,1,0,1,NA
274,500,0.4,5,0.0625,0.021978021978022,0.0625,0.030969030969031,NA
275,500,0.4,5,0,1,NA,NA,"subscript out of bounds | fallback failed: subscript out of bounds"
276,500,0.4,5,0,1,0,1,NA
277,500,0.4,5,0,1,NA,NA,"subscript out of bounds | fallback failed: subscript out of bounds"
278,500,0.4,5,0,1,NA,NA,"subscript out of bounds | fallback failed: subscript out of bounds"
279,500,0.4,5,0.0625,0.00899100899100899,0.0625,0.010989010989011,NA
280,500,0.4,5,0,1,NA,NA,"subscript out of bounds | fallback failed: subscript out of bounds"
281,500,0.4,5,0.0625,0.00899100899100899,0.0625,0.010989010989011,NA
282,500,0.4,5,0,1,NA,NA,"subscript out of bounds | fallback failed: subscript out of bounds"
283,500,0.4,5,0,1,0,1,NA
284,500,0.4,5,0,1,NA,NA,"subscript out of bounds | fallback failed: subscript out of bounds"
285,500,0.4,5,0,1,NA,NA,"subscript out of bounds | fallback failed: subscript out of bounds"
286,500,0.4,5,0.0625,0.033966033966034,0.0625,0.034965034965035,NA
287,500,0.4,5,0.0625,0.028971028971029,0.0625,0.028971028971029,NA
288,500,0.4,5,0.0625,0.038961038961039,0.0625,0.035964035964036,NA
289,500,0.4,5,0.125,0.001,0.125,0.001,NA
290,500,0.4,5,0.0625,0.021978021978022,0.0625,0.020979020979021,NA
291,500,0.4,5,0.0625,0.036963036963037,0.0625,0.045954045954046,NA
292,500,0.4,5,0,1,NA,NA,"subscript out of bounds | fallback failed: subscript out of bounds"
293,500,0.4,5,0,1,NA,NA,"subscript out of bounds | fallback failed: subscript out of bounds"
294,500,0.4,5,0.0625,0.01998001998002,0.0625,0.021978021978022,NA
295,500,0.4,5,0.0625,0.025974025974026,0.0625,0.031968031968032,NA
296,500,0.4,5,0.0625,0.018981018981019,0.0625,0.020979020979021,NA
297,500,0.4,5,0,1,NA,NA,"subscript out of bounds | fallback failed: subscript out of bounds"
298,500,0.4,5,0.0625,0.033966033966034,0.0625,0.025974025974026,NA
299,500,0.4,5,0,1,NA,NA,"subscript out of bounds | fallback failed: subscript out of bounds"
300,500,0.4,5,0,1,NA,NA,"subscript out of bounds | fallback failed: subscript out of bounds"
301,500,0.4,5,0,1,NA,NA,"subscript out of bounds | fallback failed: subscript out of bounds"
302,500,0.4,5,0,1,NA,NA,"subscript out of bounds | fallback failed: subscript out of bounds"
303,500,0.4,5,0,1,0,1,NA
304,500,0.4,5,0.0625,0.035964035964036,0.0625,0.040959040959041,NA
305,500,0.4,5,0.0625,0.043956043956044,0.0625,0.051948051948052,NA
306,500,0.4,5,0.0625,0.00999000999000999,0.0625,0.012987012987013,NA
307,500,0.4,5,0.0625,0.01998001998002,0.0625,0.01998001998002,NA
308,500,0.4,5,0.0625,0.00899100899100899,0.0625,0.015984015984016,NA
309,500,0.4,5,0.0625,0.01998001998002,0.0625,0.014985014985015,NA
310,500,0.4,5,0.0625,0.0669330669330669,0.0625,0.04995004995005,NA
311,500,0.4,5,0.0625,0.01998001998002,0.0625,0.00999000999000999,NA
312,500,0.4,5,0.0625,0.013986013986014,0.0625,0.011988011988012,NA
313,500,0.4,5,0.0625,0.021978021978022,0.0625,0.025974025974026,NA
314,500,0.4,5,0.0625,0.012987012987013,0.0625,0.004995004995005,NA
315,500,0.4,5,0.0625,0.047952047952048,0.0625,0.048951048951049,NA
316,500,0.4,5,0,1,NA,NA,"subscript out of bounds | fallback failed: subscript out of bounds"
317,500,0.4,5,0,1,0,1,NA
318,500,0.4,5,0,1,NA,NA,"subscript out of bounds | fallback failed: subscript out of bounds"
319,500,0.4,5,0.0625,0.018981018981019,0.0625,0.013986013986014,NA
320,500,0.4,5,0,1,NA,NA,"subscript out of bounds | fallback failed: subscript out of bounds"
321,500,0.4,5,0.0625,0.010989010989011,0.0625,0.021978021978022,NA
322,500,0.4,5,0.0625,0.024975024975025,0.0625,0.02997002997003,NA
323,500,0.4,5,0.0625,0.025974025974026,0.0625,0.020979020979021,NA
324,500,0.4,5,0.0625,0.015984015984016,0.0625,0.025974025974026,NA
325,500,0.4,5,0,1,NA,NA,"subscript out of bounds | fallback failed: subscript out of bounds"
326,500,0.4,5,0.0625,0.027972027972028,0.0625,0.022977022977023,NA
327,500,0.4,5,0,1,0,1,NA
328,500,0.4,5,0,1,NA,NA,"subscript out of bounds | fallback failed: subscript out of bounds"
329,500,0.4,5,0,1,NA,NA,"subscript out of bounds | fallback failed: subscript out of bounds"
330,500,0.4,5,0.0625,0.017982017982018,0.0625,0.023976023976024,NA
331,500,0.4,5,0,1,NA,NA,"subscript out of bounds | fallback failed: subscript out of bounds"
332,500,0.4,5,0,1,NA,NA,"subscript out of bounds | fallback failed: subscript out of bounds"
333,500,0.4,5,0.0625,0.014985014985015,0.0625,0.015984015984016,NA
334,500,0.4,5,0.0625,0.011988011988012,0.0625,0.011988011988012,NA
335,500,0.4,5,0,1,NA,NA,"subscript out of bounds | fallback failed: subscript out of bounds"
336,500,0.4,5,0.0625,0.048951048951049,0.0625,0.0559440559440559,NA
337,500,0.4,5,0,1,NA,NA,"subscript out of bounds | fallback failed: subscript out of bounds"
338,500,0.4,5,0,1,NA,NA,"subscript out of bounds | fallback failed: subscript out of bounds"
339,500,0.4,5,0.0625,0.00799200799200799,0.0625,0.00899100899100899,NA
340,500,0.4,5,0,1,NA,NA,"subscript out of bounds | fallback failed: subscript out of bounds"
341,500,0.4,5,0,1,NA,NA,"subscript out of bounds | fallback failed: subscript out of bounds"
342,500,0.4,5,0.0625,0.031968031968032,0.0625,0.032967032967033,NA
343,500,0.4,5,0.0625,0.016983016983017,0.0625,0.01998001998002,NA
344,500,0.4,5,0.0625,0.043956043956044,0.0625,0.02997002997003,NA
345,500,0.4,5,0,1,NA,NA,"subscript out of bounds | fallback failed: subscript out of bounds"
346,500,0.4,5,0.0625,0.004995004995005,0.0625,0.002997002997003,NA
347,500,0.4,5,0.0625,0.010989010989011,0.0625,0.013986013986014,NA
348,500,0.4,5,0.0625,0.026973026973027,0.0625,0.026973026973027,NA
349,500,0.4,5,0.0625,0.011988011988012,0.0625,0.013986013986014,NA
350,500,0.4,5,0.0625,0.010989010989011,0.0625,0.00999000999000999,NA
351,500,0.4,5,0.0625,0.02997002997003,0.0625,0.032967032967033,NA
352,500,0.4,5,0.0625,0.023976023976024,0.0625,0.01998001998002,NA
353,500,0.4,5,0.0625,0.026973026973027,0.0625,0.024975024975025,NA
354,500,0.4,5,0.0625,0.00699300699300699,0.0625,0.012987012987013,NA
355,500,0.4,5,0.0625,0.015984015984016,0.0625,0.020979020979021,NA
356,500,0.4,5,0.0625,0.026973026973027,0.0625,0.040959040959041,NA
357,500,0.4,5,0.125,0.001,0.125,0.001,NA
358,500,0.4,5,0.125,0.001,0.125,0.001,NA
359,500,0.4,5,0,1,0,1,NA
360,500,0.4,5,0.0625,0.011988011988012,0.0625,0.012987012987013,NA
361,500,0.4,5,0.0625,0.004995004995005,0.0625,0.004995004995005,NA
362,500,0.4,5,0.125,0.001,0.125,0.001,NA
363,500,0.4,5,0,1,NA,NA,"subscript out of bounds | fallback failed: subscript out of bounds"
364,500,0.4,5,0.0625,0.017982017982018,0.0625,0.027972027972028,NA
365,500,0.4,5,0.0625,0.041958041958042,0.0625,0.047952047952048,NA
366,500,0.4,5,0,1,NA,NA,"subscript out of bounds | fallback failed: subscript out of bounds"
367,500,0.4,5,0,1,NA,NA,"subscript out of bounds | fallback failed: subscript out of bounds"
368,500,0.4,5,0.0625,0.030969030969031,0.0625,0.02997002997003,NA
369,500,0.4,5,0.0625,0.015984015984016,0.0625,0.01998001998002,NA
370,500,0.4,5,0.0625,0.034965034965035,0.0625,0.03996003996004,NA
371,500,0.4,5,0.125,0.001,0.125,0.001,NA
372,500,0.4,5,0.0625,0.002997002997003,0.0625,0.00999000999000999,NA
373,500,0.4,5,0,1,NA,NA,"subscript out of bounds | fallback failed: subscript out of bounds"
374,500,0.4,5,0.0625,0.020979020979021,0.0625,0.018981018981019,NA
375,500,0.4,5,0.0625,0.0639360639360639,0.0625,0.0749250749250749,NA
376,500,0.4,5,0,1,NA,NA,"subscript out of bounds | fallback failed: subscript out of bounds"
377,500,0.4,5,0,1,NA,NA,"subscript out of bounds | fallback failed: subscript out of bounds"
378,500,0.4,5,0,1,NA,NA,"subscript out of bounds | fallback failed: subscript out of bounds"
379,500,0.4,5,0,1,NA,NA,"subscript out of bounds | fallback failed: subscript out of bounds"
380,500,0.4,5,0.0625,0.011988011988012,0.0625,0.00899100899100899,NA
381,500,0.4,5,0.0625,0.017982017982018,0.0625,0.013986013986014,NA
382,500,0.4,5,0.0625,0.024975024975025,0.0625,0.018981018981019,NA
383,500,0.4,5,0,1,NA,NA,"subscript out of bounds | fallback failed: subscript out of bounds"
384,500,0.4,5,0.0625,0.010989010989011,0.0625,0.00999000999000999,NA
385,500,0.4,5,0.0625,0.032967032967033,0.0625,0.027972027972028,NA
386,500,0.4,5,0.0625,0.020979020979021,0.0625,0.021978021978022,NA
387,500,0.4,5,0.0625,0.035964035964036,0.0625,0.0559440559440559,NA
388,500,0.4,5,0,1,NA,NA,"subscript out of bounds | fallback failed: subscript out of bounds"
389,500,0.4,5,0,1,NA,NA,"subscript out of bounds | fallback failed: subscript out of bounds"
390,500,0.4,5,0,1,NA,NA,"subscript out of bounds | fallback failed: subscript out of bounds"
391,500,0.4,5,0.0625,0.048951048951049,0.0625,0.0529470529470529,NA
392,500,0.4,5,0.125,0.001,0.125,0.001,NA
393,500,0.4,5,0.0625,0.025974025974026,0.0625,0.01998001998002,NA
394,500,0.4,5,0.0625,0.020979020979021,0.0625,0.011988011988012,NA
395,500,0.4,5,0.0625,0.014985014985015,0.0625,0.01998001998002,NA
396,500,0.4,5,0.0625,0.011988011988012,0.0625,0.00999000999000999,NA
397,500,0.4,5,0,1,NA,NA,"subscript out of bounds | fallback failed: subscript out of bounds"
398,500,0.4,5,0,1,NA,NA,"subscript out of bounds | fallback failed: subscript out of bounds"
399,500,0.4,5,0.0625,0.027972027972028,0.0625,0.030969030969031,NA
400,500,0.4,5,0,1,NA,NA,"subscript out of bounds | fallback failed: subscript out of bounds"
401,500,0.4,5,0.0625,0.013986013986014,0.0625,0.010989010989011,NA
402,500,0.4,5,0.0625,0.016983016983017,0.0625,0.015984015984016,NA
403,500,0.4,5,0.0625,0.018981018981019,0.0625,0.012987012987013,NA
404,500,0.4,5,0.0625,0.017982017982018,0.0625,0.021978021978022,NA
405,500,0.4,5,0,1,0,1,NA
406,500,0.4,5,0.0625,0.00999000999000999,0.0625,0.012987012987013,NA
407,500,0.4,5,0.0625,0.017982017982018,0.0625,0.022977022977023,NA
408,500,0.4,5,0,1,0,1,NA
409,500,0.4,5,0,1,NA,NA,"subscript out of bounds | fallback failed: subscript out of bounds"
410,500,0.4,5,0.0625,0.016983016983017,0.0625,0.026973026973027,NA
411,500,0.4,5,0,1,NA,NA,"subscript out of bounds | fallback failed: subscript out of bounds"
412,500,0.4,5,0,1,NA,NA,"subscript out of bounds | fallback failed: subscript out of bounds"
413,500,0.4,5,0,1,NA,NA,"subscript out of bounds | fallback failed: subscript out of bounds"
414,500,0.4,5,0.0625,0.0559440559440559,0.0625,0.051948051948052,NA
415,500,0.4,5,0.0625,0.00899100899100899,0.0625,0.012987012987013,NA
416,500,0.4,5,0.0625,0.021978021978022,0.0625,0.014985014985015,NA
417,500,0.4,5,0.0625,0.027972027972028,0.0625,0.030969030969031,NA
418,500,0.4,5,0.0625,0.01998001998002,0.0625,0.020979020979021,NA
419,500,0.4,5,0,1,NA,NA,"subscript out of bounds | fallback failed: subscript out of bounds"
420,500,0.4,5,0.0625,0.00599400599400599,0.0625,0.00599400599400599,NA
421,500,0.4,5,0.0625,0.032967032967033,0.0625,0.030969030969031,NA
422,500,0.4,5,0,1,NA,NA,"subscript out of bounds | fallback failed: subscript out of bounds"
423,500,0.4,5,0,1,0,1,NA
424,500,0.4,5,0.0625,0.024975024975025,0.0625,0.024975024975025,NA
425,500,0.4,5,0,1,0,1,NA
426,500,0.4,5,0.0625,0.051948051948052,0.0625,0.038961038961039,NA
427,500,0.4,5,0,1,NA,NA,"subscript out of bounds | fallback failed: subscript out of bounds"
428,500,0.4,5,0.0625,0.045954045954046,0.0625,0.0559440559440559,NA
429,500,0.4,5,0.0625,0.021978021978022,0.0625,0.017982017982018,NA
430,500,0.4,5,0,1,0,1,NA
431,500,0.4,5,0.0625,0.020979020979021,0.0625,0.024975024975025,NA
432,500,0.4,5,0.0625,0.021978021978022,0.0625,0.01998001998002,NA
433,500,0.4,5,0,1,NA,NA,"subscript out of bounds | fallback failed: subscript out of bounds"
434,500,0.4,5,0.0625,0.015984015984016,0.0625,0.01998001998002,NA
435,500,0.4,5,0.0625,0.022977022977023,0.0625,0.025974025974026,NA
436,500,0.4,5,0,1,NA,NA,"subscript out of bounds | fallback failed: subscript out of bounds"
437,500,0.4,5,0.0625,0.012987012987013,0.0625,0.011988011988012,NA
438,500,0.4,5,0,1,NA,NA,"subscript out of bounds | fallback failed: subscript out of bounds"
439,500,0.4,5,0.0625,0.00999000999000999,0.0625,0.011988011988012,NA
440,500,0.4,5,0,1,0,1,NA
441,500,0.4,5,0,1,0,1,NA
442,500,0.4,5,0.0625,0.020979020979021,0.0625,0.026973026973027,NA
443,500,0.4,5,0.0625,0.00699300699300699,0.0625,0.017982017982018,NA
444,500,0.4,5,0.0625,0.015984015984016,0.0625,0.014985014985015,NA
445,500,0.4,5,0,1,0,1,NA
446,500,0.4,5,0,1,NA,NA,"subscript out of bounds | fallback failed: subscript out of bounds"
447,500,0.4,5,0.0625,0.025974025974026,0.0625,0.027972027972028,NA
448,500,0.4,5,0,1,0,1,NA
449,500,0.4,5,0.0625,0.047952047952048,0.0625,0.046953046953047,NA
450,500,0.4,5,0,1,NA,NA,"subscript out of bounds | fallback failed: subscript out of bounds"
451,500,0.4,5,0.0625,0.00699300699300699,0.0625,0.004995004995005,NA
452,500,0.4,5,0,1,0,1,NA
453,500,0.4,5,0.0625,0.014985014985015,0.0625,0.015984015984016,NA
454,500,0.4,5,0.0625,0.014985014985015,0.0625,0.00799200799200799,NA
455,500,0.4,5,0.0625,0.00699300699300699,0.0625,0.00999000999000999,NA
456,500,0.4,5,0.0625,0.032967032967033,0.0625,0.037962037962038,NA
457,500,0.4,5,0,1,NA,NA,"subscript out of bounds | fallback failed: subscript out of bounds"
458,500,0.4,5,0,1,NA,NA,"subscript out of bounds | fallback failed: subscript out of bounds"
459,500,0.4,5,0.0625,0.00599400599400599,0.0625,0.012987012987013,NA
460,500,0.4,5,0,1,NA,NA,"subscript out of bounds | fallback failed: subscript out of bounds"
461,500,0.4,5,0.0625,0.024975024975025,0.0625,0.014985014985015,NA
462,500,0.4,5,0.0625,0.01998001998002,0.0625,0.027972027972028,NA
463,500,0.4,5,0.0625,0.00699300699300699,0.0625,0.00699300699300699,NA
464,500,0.4,5,0.0625,0.01998001998002,0.0625,0.01998001998002,NA
465,500,0.4,5,0,1,NA,NA,"subscript out of bounds | fallback failed: subscript out of bounds"
466,500,0.4,5,0.0625,0.025974025974026,0.0625,0.018981018981019,NA
467,500,0.4,5,0.0625,0.00699300699300699,0.0625,0.011988011988012,NA
468,500,0.4,5,0.0625,0.044955044955045,0.0625,0.040959040959041,NA
469,500,0.4,5,0.0625,0.030969030969031,0.0625,0.037962037962038,NA
470,500,0.4,5,0.0625,0.018981018981019,0.0625,0.017982017982018,NA
471,500,0.4,5,0,1,NA,NA,"subscript out of bounds | fallback failed: subscript out of bounds"
472,500,0.4,5,0,1,NA,NA,"subscript out of bounds | fallback failed: subscript out of bounds"
473,500,0.4,5,0,1,NA,NA,"subscript out of bounds | fallback failed: subscript out of bounds"
474,500,0.4,5,0,1,NA,NA,"subscript out of bounds | fallback failed: subscript out of bounds"
475,500,0.4,5,0.0625,0.013986013986014,0.0625,0.016983016983017,NA
476,500,0.4,5,0,1,NA,NA,"subscript out of bounds | fallback failed: subscript out of bounds"
477,500,0.4,5,0,1,NA,NA,"subscript out of bounds | fallback failed: subscript out of bounds"
478,500,0.4,5,0.0625,0.022977022977023,0.0625,0.021978021978022,NA
479,500,0.4,5,0,1,NA,NA,"subscript out of bounds | fallback failed: subscript out of bounds"
480,500,0.4,5,0,1,NA,NA,"subscript out of bounds | fallback failed: subscript out of bounds"
481,500,0.4,5,0.0625,0.015984015984016,0.0625,0.015984015984016,NA
482,500,0.4,5,0,1,NA,NA,"subscript out of bounds | fallback failed: subscript out of bounds"
483,500,0.4,5,0.0625,0.00999000999000999,0.0625,0.00999000999000999,NA
484,500,0.4,5,0.0625,0.00799200799200799,0.0625,0.00899100899100899,NA
485,500,0.4,5,0,1,NA,NA,"subscript out of bounds | fallback failed: subscript out of bounds"
486,500,0.4,5,0.0625,0.038961038961039,0.0625,0.045954045954046,NA
487,500,0.4,5,0,1,NA,NA,"subscript out of bounds | fallback failed: subscript out of bounds"
488,500,0.4,5,0.0625,0.021978021978022,0.0625,0.021978021978022,NA
489,500,0.4,5,0,1,NA,NA,"subscript out of bounds | fallback failed: subscript out of bounds"
490,500,0.4,5,0,1,NA,NA,"subscript out of bounds | fallback failed: subscript out of bounds"
491,500,0.4,5,0,1,0,1,NA
492,500,0.4,5,0.0625,0.022977022977023,0.0625,0.014985014985015,NA
493,500,0.4,5,0,1,NA,NA,"subscript out of bounds | fallback failed: subscript out of bounds"
494,500,0.4,5,0.0625,0.013986013986014,0.0625,0.016983016983017,NA
495,500,0.4,5,0,1,0,1,NA
496,500,0.4,5,0,1,0,1,NA
497,500,0.4,5,0,1,NA,NA,"subscript out of bounds | fallback failed: subscript out of bounds"
498,500,0.4,5,0,1,NA,NA,"subscript out of bounds | fallback failed: subscript out of bounds"
499,500,0.4,5,0.0625,0.045954045954046,0.0625,0.051948051948052,NA
500,500,0.4,5,0.0625,0.031968031968032,0.0625,0.012987012987013,NA
501,500,0.4,5,0.0625,0.016983016983017,0.0625,0.018981018981019,NA
502,500,0.4,5,0,1,NA,NA,"subscript out of bounds | fallback failed: subscript out of bounds"
503,500,0.4,5,0.0625,0.018981018981019,0.0625,0.023976023976024,NA
504,500,0.4,5,0.0625,0.012987012987013,0.0625,0.014985014985015,NA
505,500,0.4,5,0.0625,0.00699300699300699,0.0625,0.010989010989011,NA
506,500,0.4,5,0.0625,0.018981018981019,0.0625,0.025974025974026,NA
507,500,0.4,5,0.0625,0.0559440559440559,0.0625,0.044955044955045,NA
508,500,0.4,5,0.0625,0.018981018981019,0.0625,0.017982017982018,NA
509,500,0.4,5,0,1,NA,NA,"subscript out of bounds | fallback failed: subscript out of bounds"
510,500,0.4,5,0,1,NA,NA,"subscript out of bounds | fallback failed: subscript out of bounds"
511,500,0.4,5,0.0625,0.025974025974026,0.0625,0.021978021978022,NA
512,500,0.4,5,0,1,NA,NA,"subscript out of bounds | fallback failed: subscript out of bounds"
513,500,0.4,5,0.0625,0.028971028971029,0.0625,0.040959040959041,NA
514,500,0.4,5,0.0625,0.013986013986014,0.0625,0.014985014985015,NA
515,500,0.4,5,0.0625,0.04995004995005,0.0625,0.0579420579420579,NA
516,500,0.4,5,0.0625,0.011988011988012,0.0625,0.012987012987013,NA
517,500,0.4,5,0,1,NA,NA,"subscript out of bounds | fallback failed: subscript out of bounds"
518,500,0.4,5,0.0625,0.025974025974026,0.0625,0.021978021978022,NA
519,500,0.4,5,0,1,NA,NA,"subscript out of bounds | fallback failed: subscript out of bounds"
520,500,0.4,5,0.0625,0.018981018981019,0.0625,0.014985014985015,NA
521,500,0.4,5,0.0625,0.02997002997003,0.0625,0.023976023976024,NA
522,500,0.4,5,0.0625,0.028971028971029,0.0625,0.037962037962038,NA
523,500,0.4,5,0.0625,0.00799200799200799,0.0625,0.011988011988012,NA
524,500,0.4,5,0,1,NA,NA,"subscript out of bounds | fallback failed: subscript out of bounds"
525,500,0.4,5,0.0625,0.025974025974026,0.0625,0.027972027972028,NA
526,500,0.4,5,0.0625,0.012987012987013,0.0625,0.015984015984016,NA
527,500,0.4,5,0.0625,0.020979020979021,0.0625,0.01998001998002,NA
528,500,0.4,5,0,1,NA,NA,"subscript out of bounds | fallback failed: subscript out of bounds"
529,500,0.4,5,0,1,NA,NA,"subscript out of bounds | fallback failed: subscript out of bounds"
530,500,0.4,5,0.0625,0.026973026973027,0.0625,0.023976023976024,NA
531,500,0.4,5,0,1,NA,NA,"subscript out of bounds | fallback failed: subscript out of bounds"
532,500,0.4,5,0,1,0,1,NA
533,500,0.4,5,0,1,NA,NA,"subscript out of bounds | fallback failed: subscript out of bounds"
534,500,0.4,5,0.0625,0.010989010989011,0.0625,0.013986013986014,NA
535,500,0.4,5,0,1,NA,NA,"subscript out of bounds | fallback failed: subscript out of bounds"
536,500,0.4,5,0,1,NA,NA,"subscript out of bounds | fallback failed: subscript out of bounds"
537,500,0.4,5,0.0625,0.011988011988012,0.0625,0.012987012987013,NA
538,500,0.4,5,0,1,NA,NA,"subscript out of bounds | fallback failed: subscript out of bounds"
539,500,0.4,5,0,1,0,1,NA
540,500,0.4,5,0,1,NA,NA,"subscript out of bounds | fallback failed: subscript out of bounds"
541,500,0.4,5,0.0625,0.017982017982018,0.0625,0.01998001998002,NA
542,500,0.4,5,0.0625,0.03996003996004,0.0625,0.03996003996004,NA
543,500,0.4,5,0.0625,0.00899100899100899,0.0625,0.00899100899100899,NA
544,500,0.4,5,0,1,0,1,NA
545,500,0.4,5,0.0625,0.034965034965035,0.0625,0.026973026973027,NA
546,500,0.4,5,0.0625,0.01998001998002,0.0625,0.018981018981019,NA
547,500,0.4,5,0,1,0,1,NA
548,500,0.4,5,0,1,NA,NA,"subscript out of bounds | fallback failed: subscript out of bounds"
549,500,0.4,5,0,1,NA,NA,"subscript out of bounds | fallback failed: subscript out of bounds"
550,500,0.4,5,0.0625,0.00999000999000999,0.0625,0.013986013986014,NA
551,500,0.4,5,0.0625,0.033966033966034,0.0625,0.028971028971029,NA
552,500,0.4,5,0,1,0,1,NA
553,500,0.4,5,0,1,NA,NA,"subscript out of bounds | fallback failed: subscript out of bounds"
554,500,0.4,5,0.0625,0.013986013986014,0.0625,0.00899100899100899,NA
555,500,0.4,5,0.0625,0.0599400599400599,0.0625,0.046953046953047,NA
556,500,0.4,5,0,1,0,1,NA
557,500,0.4,5,0.0625,0.010989010989011,0.0625,0.015984015984016,NA
558,500,0.4,5,0,1,NA,NA,"subscript out of bounds | fallback failed: subscript out of bounds"
559,500,0.4,5,0,1,0,1,NA
560,500,0.4,5,0,1,NA,NA,"subscript out of bounds | fallback failed: subscript out of bounds"
561,500,0.4,5,0.0625,0.048951048951049,0.0625,0.044955044955045,NA
562,500,0.4,5,0.0625,0.00799200799200799,0.0625,0.014985014985015,NA
563,500,0.4,5,0.0625,0.014985014985015,0.0625,0.01998001998002,NA
564,500,0.4,5,0,1,NA,NA,"subscript out of bounds | fallback failed: subscript out of bounds"
565,500,0.4,5,0.0625,0.00699300699300699,0.0625,0.00999000999000999,NA
566,500,0.4,5,0,1,NA,NA,"subscript out of bounds | fallback failed: subscript out of bounds"
567,500,0.4,5,0,1,0,1,NA
568,500,0.4,5,0,1,NA,NA,"subscript out of bounds | fallback failed: subscript out of bounds"
569,500,0.4,5,0,1,NA,NA,"subscript out of bounds | fallback failed: subscript out of bounds"
570,500,0.4,5,0.0625,0.033966033966034,0.0625,0.035964035964036,NA
571,500,0.4,5,0.0625,0.018981018981019,0.0625,0.018981018981019,NA
572,500,0.4,5,0.125,0.001,0.125,0.001,NA
573,500,0.4,5,0.0625,0.020979020979021,0.0625,0.020979020979021,NA
574,500,0.4,5,0,1,NA,NA,"subscript out of bounds | fallback failed: subscript out of bounds"
575,500,0.4,5,0,1,0,1,NA
576,500,0.4,5,0,1,NA,NA,"subscript out of bounds | fallback failed: subscript out of bounds"
577,500,0.4,5,0,1,NA,NA,"subscript out of bounds | fallback failed: subscript out of bounds"
578,500,0.4,5,0,1,NA,NA,"subscript out of bounds | fallback failed: subscript out of bounds"
579,500,0.4,5,0,1,NA,NA,"subscript out of bounds | fallback failed: subscript out of bounds"
580,500,0.4,5,0.0625,0.024975024975025,0.0625,0.030969030969031,NA
581,500,0.4,5,0.0625,0.041958041958042,0.0625,0.042957042957043,NA
582,500,0.4,5,0,1,0,1,NA
583,500,0.4,5,0,1,NA,NA,"subscript out of bounds | fallback failed: subscript out of bounds"
584,500,0.4,5,0,1,NA,NA,"subscript out of bounds | fallback failed: subscript out of bounds"
585,500,0.4,5,0.0625,0.018981018981019,0.0625,0.014985014985015,NA
586,500,0.4,5,0.0625,0.010989010989011,0.0625,0.015984015984016,NA
587,500,0.4,5,0,1,NA,NA,"subscript out of bounds | fallback failed: subscript out of bounds"
588,500,0.4,5,0.0625,0.018981018981019,0.0625,0.013986013986014,NA
589,500,0.4,5,0,1,NA,NA,"subscript out of bounds | fallback failed: subscript out of bounds"
590,500,0.4,5,0.0625,0.0689310689310689,0.0625,0.0559440559440559,NA
591,500,0.4,5,0.0625,0.00999000999000999,0.0625,0.00999000999000999,NA
592,500,0.4,5,0.0625,0.00999000999000999,0.0625,0.010989010989011,NA
593,500,0.4,5,0,1,NA,NA,"subscript out of bounds | fallback failed: subscript out of bounds"
594,500,0.4,5,0.0625,0.017982017982018,0.0625,0.021978021978022,NA
595,500,0.4,5,0.0625,0.021978021978022,0.0625,0.018981018981019,NA
596,500,0.4,5,0,1,0,1,NA
597,500,0.4,5,0,1,0,1,NA
598,500,0.4,5,0.0625,0.046953046953047,0.0625,0.03996003996004,NA
599,500,0.4,5,0,1,NA,NA,"subscript out of bounds | fallback failed: subscript out of bounds"
600,500,0.4,5,0.0625,0.018981018981019,0.0625,0.021978021978022,NA
601,500,0.4,5,0,1,0,1,NA
602,500,0.4,5,0.0625,0.003996003996004,0.0625,0.015984015984016,NA
603,500,0.4,5,0,1,NA,NA,"subscript out of bounds | fallback failed: subscript out of bounds"
604,500,0.4,5,0,1,NA,NA,"subscript out of bounds | fallback failed: subscript out of bounds"
605,500,0.4,5,0.0625,0.03996003996004,0.0625,0.040959040959041,NA
606,500,0.4,5,0,1,NA,NA,"subscript out of bounds | fallback failed: subscript out of bounds"
607,500,0.4,5,0,1,NA,NA,"subscript out of bounds | fallback failed: subscript out of bounds"
608,500,0.4,5,0,1,NA,NA,"subscript out of bounds | fallback failed: subscript out of bounds"
609,500,0.4,5,0,1,NA,NA,"subscript out of bounds | fallback failed: subscript out of bounds"
610,500,0.4,5,0.0625,0.017982017982018,0.0625,0.010989010989011,NA
611,500,0.4,5,0.0625,0.00799200799200799,0.0625,0.00999000999000999,NA
612,500,0.4,5,0,1,NA,NA,"subscript out of bounds | fallback failed: subscript out of bounds"
613,500,0.4,5,0,1,NA,NA,"subscript out of bounds | fallback failed: subscript out of bounds"
614,500,0.4,5,0.0625,0.00999000999000999,0.0625,0.014985014985015,NA
615,500,0.4,5,0.0625,0.015984015984016,0.0625,0.014985014985015,NA
616,500,0.4,5,0.0625,0.013986013986014,0.0625,0.00699300699300699,NA
617,500,0.4,5,0,1,NA,NA,"subscript out of bounds | fallback failed: subscript out of bounds"
618,500,0.4,5,0.0625,0.02997002997003,0.0625,0.023976023976024,NA
619,500,0.4,5,0.0625,0.024975024975025,0.0625,0.025974025974026,NA
620,500,0.4,5,0,1,0,1,NA
621,500,0.4,5,0.0625,0.00699300699300699,0.0625,0.00699300699300699,NA
622,500,0.4,5,0,1,NA,NA,"subscript out of bounds | fallback failed: subscript out of bounds"
623,500,0.4,5,0,1,NA,NA,"subscript out of bounds | fallback failed: subscript out of bounds"
624,500,0.4,5,0.0625,0.010989010989011,0.0625,0.00799200799200799,NA
625,500,0.4,5,0,1,NA,NA,"subscript out of bounds | fallback failed: subscript out of bounds"
626,500,0.4,5,0,1,NA,NA,"subscript out of bounds | fallback failed: subscript out of bounds"
627,500,0.4,5,0,1,NA,NA,"subscript out of bounds | fallback failed: subscript out of bounds"
628,500,0.4,5,0.0625,0.015984015984016,0.0625,0.018981018981019,NA
629,500,0.4,5,0,1,NA,NA,"subscript out of bounds | fallback failed: subscript out of bounds"
630,500,0.4,5,0.0625,0.020979020979021,0.0625,0.023976023976024,NA
631,500,0.4,5,0,1,0,1,NA
632,500,0.4,5,0.0625,0.013986013986014,0.0625,0.024975024975025,NA
633,500,0.4,5,0.0625,0.013986013986014,0.0625,0.018981018981019,NA
634,500,0.4,5,0.0625,0.013986013986014,0.0625,0.018981018981019,NA
635,500,0.4,5,0.0625,0.013986013986014,0.0625,0.011988011988012,NA
636,500,0.4,5,0.0625,0.043956043956044,0.0625,0.036963036963037,NA
637,500,0.4,5,0.0625,0.027972027972028,0.0625,0.028971028971029,NA
638,500,0.4,5,0.0625,0.022977022977023,0.0625,0.022977022977023,NA
639,500,0.4,5,0,1,NA,NA,"subscript out of bounds | fallback failed: subscript out of bounds"
640,500,0.4,5,0.0625,0.014985014985015,0.0625,0.028971028971029,NA
641,500,0.4,5,0,1,NA,NA,"subscript out of bounds | fallback failed: subscript out of bounds"
642,500,0.4,5,0.0625,0.023976023976024,0.0625,0.018981018981019,NA
643,500,0.4,5,0.0625,0.016983016983017,0.0625,0.018981018981019,NA
644,500,0.4,5,0.0625,0.020979020979021,0.0625,0.00999000999000999,NA
645,500,0.4,5,0.0625,0.023976023976024,0.0625,0.032967032967033,NA
646,500,0.4,5,0.0625,0.024975024975025,0.0625,0.025974025974026,NA
647,500,0.4,5,0.0625,0.00899100899100899,0.0625,0.010989010989011,NA
648,500,0.4,5,0.0625,0.02997002997003,0.0625,0.027972027972028,NA
649,500,0.4,5,0.0625,0.030969030969031,0.0625,0.034965034965035,NA
650,500,0.4,5,0,1,NA,NA,"subscript out of bounds | fallback failed: subscript out of bounds"
651,500,0.4,5,0.0625,0.021978021978022,0.0625,0.01998001998002,NA
652,500,0.4,5,0.0625,0.016983016983017,0.0625,0.00799200799200799,NA
653,500,0.4,5,0,1,NA,NA,"subscript out of bounds | fallback failed: subscript out of bounds"
654,500,0.4,5,0,1,NA,NA,"subscript out of bounds | fallback failed: subscript out of bounds"
655,500,0.4,5,0.0625,0.00899100899100899,0.0625,0.014985014985015,NA
656,500,0.4,5,0.0625,0.022977022977023,0.0625,0.032967032967033,NA
657,500,0.4,5,0.0625,0.010989010989011,0.0625,0.017982017982018,NA
658,500,0.4,5,0,1,NA,NA,"subscript out of bounds | fallback failed: subscript out of bounds"
659,500,0.4,5,0.0625,0.015984015984016,0.0625,0.015984015984016,NA
660,500,0.4,5,0,1,NA,NA,"subscript out of bounds | fallback failed: subscript out of bounds"
661,500,0.4,5,0.0625,0.023976023976024,0.0625,0.025974025974026,NA
662,500,0.4,5,0,1,0,1,NA
663,500,0.4,5,0.0625,0.0669330669330669,0.0625,0.050949050949051,NA
664,500,0.4,5,0,1,NA,NA,"subscript out of bounds | fallback failed: subscript out of bounds"
665,500,0.4,5,0,1,NA,NA,"subscript out of bounds | fallback failed: subscript out of bounds"
666,500,0.4,5,0.0625,0.016983016983017,0.0625,0.014985014985015,NA
667,500,0.4,5,0,1,0,1,NA
668,500,0.4,5,0,1,NA,NA,"subscript out of bounds | fallback failed: subscript out of bounds"
669,500,0.4,5,0,1,NA,NA,"subscript out of bounds | fallback failed: subscript out of bounds"
670,500,0.4,5,0,1,NA,NA,"subscript out of bounds | fallback failed: subscript out of bounds"
671,500,0.4,5,0.0625,0.022977022977023,0.0625,0.040959040959041,NA
672,500,0.4,5,0.0625,0.012987012987013,0.0625,0.012987012987013,NA
673,500,0.4,5,0,1,NA,NA,"subscript out of bounds | fallback failed: subscript out of bounds"
674,500,0.4,5,0.0625,0.0529470529470529,0.0625,0.02997002997003,NA
675,500,0.4,5,0,1,NA,NA,"subscript out of bounds | fallback failed: subscript out of bounds"
676,500,0.4,5,0,1,NA,NA,"subscript out of bounds | fallback failed: subscript out of bounds"
677,500,0.4,5,0.0625,0.015984015984016,0.0625,0.016983016983017,NA
678,500,0.4,5,0.0625,0.014985014985015,0.0625,0.011988011988012,NA
679,500,0.4,5,0.0625,0.021978021978022,0.0625,0.016983016983017,NA
680,500,0.4,5,0,1,NA,NA,"subscript out of bounds | fallback failed: subscript out of bounds"
681,500,0.4,5,0,1,NA,NA,"subscript out of bounds | fallback failed: subscript out of bounds"
682,500,0.4,5,0.0625,0.00599400599400599,0.0625,0.012987012987013,NA
683,500,0.4,5,0,1,0,1,NA
684,500,0.4,5,0.0625,0.017982017982018,0.0625,0.014985014985015,NA
685,500,0.4,5,0.0625,0.012987012987013,0.0625,0.023976023976024,NA
686,500,0.4,5,0.0625,0.004995004995005,0.0625,0.00599400599400599,NA
687,500,0.4,5,0,1,NA,NA,"subscript out of bounds | fallback failed: subscript out of bounds"
688,500,0.4,5,0,1,NA,NA,"subscript out of bounds | fallback failed: subscript out of bounds"
689,500,0.4,5,0,1,0,1,NA
690,500,0.4,5,0,1,NA,NA,"subscript out of bounds | fallback failed: subscript out of bounds"
691,500,0.4,5,0.0625,0.012987012987013,0.0625,0.00999000999000999,NA
692,500,0.4,5,0,1,NA,NA,"subscript out of bounds | fallback failed: subscript out of bounds"
693,500,0.4,5,0.0625,0.025974025974026,0.0625,0.020979020979021,NA
694,500,0.4,5,0.0625,0.016983016983017,0.0625,0.035964035964036,NA
695,500,0.4,5,0,1,0,1,NA
696,500,0.4,5,0.0625,0.031968031968032,0.0625,0.02997002997003,NA
697,500,0.4,5,0,1,NA,NA,"subscript out of bounds | fallback failed: subscript out of bounds"
698,500,0.4,5,0.0625,0.026973026973027,0.0625,0.028971028971029,NA
699,500,0.4,5,0,1,0,1,NA
700,500,0.4,5,0,1,NA,NA,"subscript out of bounds | fallback failed: subscript out of bounds"
701,500,0.4,5,0.0625,0.013986013986014,0.0625,0.020979020979021,NA
702,500,0.4,5,0,1,NA,NA,"subscript out of bounds | fallback failed: subscript out of bounds"
703,500,0.4,5,0,1,NA,NA,"subscript out of bounds | fallback failed: subscript out of bounds"
704,500,0.4,5,0,1,NA,NA,"subscript out of bounds | fallback failed: subscript out of bounds"
705,500,0.4,5,0.0625,0.011988011988012,0.0625,0.00699300699300699,NA
706,500,0.4,5,0.0625,0.023976023976024,0.0625,0.020979020979021,NA
707,500,0.4,5,0,1,NA,NA,"subscript out of bounds | fallback failed: subscript out of bounds"
708,500,0.4,5,0.0625,0.037962037962038,0.0625,0.031968031968032,NA
709,500,0.4,5,0.0625,0.00999000999000999,0.0625,0.00999000999000999,NA
710,500,0.4,5,0.0625,0.026973026973027,0.0625,0.02997002997003,NA
711,500,0.4,5,0.0625,0.003996003996004,0.0625,0.003996003996004,NA
712,500,0.4,5,0.0625,0.0679320679320679,0.0625,0.0699300699300699,NA
713,500,0.4,5,0,1,0,1,NA
714,500,0.4,5,0.0625,0.017982017982018,0.0625,0.014985014985015,NA
715,500,0.4,5,0.0625,0.001998001998002,0.0625,0.001998001998002,NA
716,500,0.4,5,0.0625,0.010989010989011,0.0625,0.013986013986014,NA
717,500,0.4,5,0.0625,0.0529470529470529,0.0625,0.031968031968032,NA
718,500,0.4,5,0.0625,0.025974025974026,0.0625,0.027972027972028,NA
719,500,0.4,5,0.0625,0.015984015984016,0.0625,0.012987012987013,NA
720,500,0.4,5,0.125,0.001,0.125,0.001,NA
721,500,0.4,5,0.0625,0.026973026973027,0.0625,0.025974025974026,NA
722,500,0.4,5,0.0625,0.018981018981019,0.0625,0.014985014985015,NA
723,500,0.4,5,0.0625,0.027972027972028,0.0625,0.015984015984016,NA
724,500,0.4,5,0.0625,0.013986013986014,0.0625,0.002997002997003,NA
725,500,0.4,5,0.0625,0.00799200799200799,0.0625,0.00699300699300699,NA
726,500,0.4,5,0,1,NA,NA,"subscript out of bounds | fallback failed: subscript out of bounds"
727,500,0.4,5,0.0625,0.00999000999000999,0.0625,0.014985014985015,NA
728,500,0.4,5,0.0625,0.023976023976024,0.0625,0.015984015984016,NA
729,500,0.4,5,0,1,NA,NA,"subscript out of bounds | fallback failed: subscript out of bounds"
730,500,0.4,5,0,1,NA,NA,"subscript out of bounds | fallback failed: subscript out of bounds"
731,500,0.4,5,0.0625,0.010989010989011,0.0625,0.012987012987013,NA
732,500,0.4,5,0,1,NA,NA,"subscript out of bounds | fallback failed: subscript out of bounds"
733,500,0.4,5,0.0625,0.015984015984016,0.0625,0.00999000999000999,NA
734,500,0.4,5,0.0625,0.014985014985015,0.0625,0.00899100899100899,NA
735,500,0.4,5,0.0625,0.017982017982018,0.0625,0.014985014985015,NA
736,500,0.4,5,0,1,NA,NA,"subscript out of bounds | fallback failed: subscript out of bounds"
737,500,0.4,5,0.0625,0.021978021978022,0.0625,0.033966033966034,NA
738,500,0.4,5,0,1,NA,NA,"subscript out of bounds | fallback failed: subscript out of bounds"
739,500,0.4,5,0,1,NA,NA,"subscript out of bounds | fallback failed: subscript out of bounds"
740,500,0.4,5,0.0625,0.024975024975025,0.0625,0.030969030969031,NA
741,500,0.4,5,0.0625,0.0569430569430569,0.0625,0.03996003996004,NA
742,500,0.4,5,0.0625,0.023976023976024,0.0625,0.024975024975025,NA
743,500,0.4,5,0,1,NA,NA,"subscript out of bounds | fallback failed: subscript out of bounds"
744,500,0.4,5,0.0625,0.01998001998002,0.0625,0.020979020979021,NA
745,500,0.4,5,0.0625,0.013986013986014,0.0625,0.026973026973027,NA
746,500,0.4,5,0.0625,0.034965034965035,0.0625,0.032967032967033,NA
747,500,0.4,5,0.0625,0.037962037962038,0.0625,0.04995004995005,NA
748,500,0.4,5,0,1,NA,NA,"subscript out of bounds | fallback failed: subscript out of bounds"
749,500,0.4,5,0.0625,0.022977022977023,0.0625,0.022977022977023,NA
750,500,0.4,5,0,1,0,1,NA
751,500,0.4,5,0,1,0,1,NA
752,500,0.4,5,0.0625,0.022977022977023,0.0625,0.023976023976024,NA
753,500,0.4,5,0.0625,0.026973026973027,0.0625,0.025974025974026,NA
754,500,0.4,5,0,1,NA,NA,"subscript out of bounds | fallback failed: subscript out of bounds"
755,500,0.4,5,0.125,0.001,0.125,0.001,NA
756,500,0.4,5,0.0625,0.018981018981019,0.0625,0.027972027972028,NA
757,500,0.4,5,0.0625,0.036963036963037,0.0625,0.036963036963037,NA
758,500,0.4,5,0.0625,0.024975024975025,0.0625,0.027972027972028,NA
759,500,0.4,5,0.0625,0.031968031968032,0.0625,0.020979020979021,NA
760,500,0.4,5,0,1,NA,NA,"subscript out of bounds | fallback failed: subscript out of bounds"
761,500,0.4,5,0,1,0,1,NA
762,500,0.4,5,0.0625,0.017982017982018,0.0625,0.00899100899100899,NA
763,500,0.4,5,0.0625,0.011988011988012,0.0625,0.00699300699300699,NA
764,500,0.4,5,0,1,0,1,NA
765,500,0.4,5,0,1,NA,NA,"subscript out of bounds | fallback failed: subscript out of bounds"
766,500,0.4,5,0,1,NA,NA,"subscript out of bounds | fallback failed: subscript out of bounds"
767,500,0.4,5,0,1,NA,NA,"subscript out of bounds | fallback failed: subscript out of bounds"
768,500,0.4,5,0.0625,0.023976023976024,0.0625,0.020979020979021,NA
769,500,0.4,5,0,1,NA,NA,"subscript out of bounds | fallback failed: subscript out of bounds"
770,500,0.4,5,0.0625,0.021978021978022,0.0625,0.010989010989011,NA
771,500,0.4,5,0,1,NA,NA,"subscript out of bounds | fallback failed: subscript out of bounds"
772,500,0.4,5,0,1,NA,NA,"subscript out of bounds | fallback failed: subscript out of bounds"
773,500,0.4,5,0.0625,0.035964035964036,0.0625,0.037962037962038,NA
774,500,0.4,5,0.0625,0.018981018981019,0.0625,0.017982017982018,NA
775,500,0.4,5,0.0625,0.023976023976024,0.0625,0.022977022977023,NA
776,500,0.4,5,0,1,NA,NA,"subscript out of bounds | fallback failed: subscript out of bounds"
777,500,0.4,5,0.0625,0.004995004995005,0.0625,0.013986013986014,NA
778,500,0.4,5,0.0625,0.026973026973027,0.0625,0.025974025974026,NA
779,500,0.4,5,0.0625,0.00799200799200799,0.0625,0.00699300699300699,NA
780,500,0.4,5,0.0625,0.022977022977023,0.0625,0.036963036963037,NA
781,500,0.4,5,0.0625,0.044955044955045,0.0625,0.045954045954046,NA
782,500,0.4,5,0,1,0,1,NA
783,500,0.4,5,0,1,0,1,NA
784,500,0.4,5,0.0625,0.014985014985015,0.0625,0.017982017982018,NA
785,500,0.4,5,0.0625,0.014985014985015,0.0625,0.017982017982018,NA
786,500,0.4,5,0,1,0,1,NA
787,500,0.4,5,0,1,NA,NA,"subscript out of bounds | fallback failed: subscript out of bounds"
788,500,0.4,5,0.0625,0.020979020979021,0.0625,0.016983016983017,NA
789,500,0.4,5,0,1,NA,NA,"subscript out of bounds | fallback failed: subscript out of bounds"
790,500,0.4,5,0.0625,0.018981018981019,0.0625,0.023976023976024,NA
791,500,0.4,5,0.0625,0.015984015984016,0.0625,0.011988011988012,NA
792,500,0.4,5,0.0625,0.020979020979021,0.0625,0.016983016983017,NA
793,500,0.4,5,0.0625,0.020979020979021,0.0625,0.022977022977023,NA
794,500,0.4,5,0.0625,0.00999000999000999,0.0625,0.00999000999000999,NA
795,500,0.4,5,0.0625,0.048951048951049,0.0625,0.03996003996004,NA
796,500,0.4,5,0.0625,0.021978021978022,0.0625,0.017982017982018,NA
797,500,0.4,5,0.0625,0.018981018981019,0.0625,0.024975024975025,NA
798,500,0.4,5,0.0625,0.013986013986014,0.0625,0.01998001998002,NA
799,500,0.4,5,0,1,NA,NA,"subscript out of bounds | fallback failed: subscript out of bounds"
800,500,0.4,5,0,1,NA,NA,"subscript out of bounds | fallback failed: subscript out of bounds"
801,500,0.4,5,0,1,0,1,NA
802,500,0.4,5,0,1,NA,NA,"subscript out of bounds | fallback failed: subscript out of bounds"
803,500,0.4,5,0,1,NA,NA,"subscript out of bounds | fallback failed: subscript out of bounds"
804,500,0.4,5,0.0625,0.028971028971029,0.0625,0.034965034965035,NA
805,500,0.4,5,0,1,NA,NA,"subscript out of bounds | fallback failed: subscript out of bounds"
806,500,0.4,5,0,1,0,1,NA
807,500,0.4,5,0.0625,0.047952047952048,0.0625,0.023976023976024,NA
808,500,0.4,5,0.0625,0.034965034965035,0.0625,0.026973026973027,NA
809,500,0.4,5,0,1,NA,NA,"subscript out of bounds | fallback failed: subscript out of bounds"
810,500,0.4,5,0.0625,0.004995004995005,0.0625,0.014985014985015,NA
811,500,0.4,5,0.0625,0.023976023976024,0.0625,0.021978021978022,NA
812,500,0.4,5,0,1,NA,NA,"subscript out of bounds | fallback failed: subscript out of bounds"
813,500,0.4,5,0,1,NA,NA,"subscript out of bounds | fallback failed: subscript out of bounds"
814,500,0.4,5,0.0625,0.020979020979021,0.0625,0.012987012987013,NA
815,500,0.4,5,0,1,0,1,NA
816,500,0.4,5,0,1,NA,NA,"subscript out of bounds | fallback failed: subscript out of bounds"
817,500,0.4,5,0.0625,0.023976023976024,0.0625,0.023976023976024,NA
818,500,0.4,5,0.0625,0.01998001998002,0.0625,0.023976023976024,NA
819,500,0.4,5,0.0625,0.026973026973027,0.0625,0.020979020979021,NA
820,500,0.4,5,0.0625,0.032967032967033,0.0625,0.040959040959041,NA
821,500,0.4,5,0.0625,0.025974025974026,0.0625,0.034965034965035,NA
822,500,0.4,5,0,1,NA,NA,"subscript out of bounds | fallback failed: subscript out of bounds"
823,500,0.4,5,0.0625,0.020979020979021,0.0625,0.017982017982018,NA
824,500,0.4,5,0.0625,0.01998001998002,0.0625,0.018981018981019,NA
825,500,0.4,5,0,1,NA,NA,"subscript out of bounds | fallback failed: subscript out of bounds"
826,500,0.4,5,0.0625,0.04995004995005,0.0625,0.042957042957043,NA
827,500,0.4,5,0.0625,0.013986013986014,0.0625,0.015984015984016,NA
828,500,0.4,5,0.0625,0.0779220779220779,0.0625,0.0719280719280719,NA
829,500,0.4,5,0.0625,0.017982017982018,0.0625,0.012987012987013,NA
830,500,0.4,5,0.0625,0.026973026973027,0.0625,0.032967032967033,NA
831,500,0.4,5,0.0625,0.047952047952048,0.0625,0.041958041958042,NA
832,500,0.4,5,0,1,NA,NA,"subscript out of bounds | fallback failed: subscript out of bounds"
833,500,0.4,5,0.0625,0.043956043956044,0.0625,0.042957042957043,NA
834,500,0.4,5,0,1,0,1,NA
835,500,0.4,5,0.0625,0.032967032967033,0.0625,0.023976023976024,NA
836,500,0.4,5,0.0625,0.00999000999000999,0.0625,0.015984015984016,NA
837,500,0.4,5,0,1,NA,NA,"subscript out of bounds | fallback failed: subscript out of bounds"
838,500,0.4,5,0,1,NA,NA,"subscript out of bounds | fallback failed: subscript out of bounds"
839,500,0.4,5,0,1,0,1,NA
840,500,0.4,5,0,1,NA,NA,"subscript out of bounds | fallback failed: subscript out of bounds"
841,500,0.4,5,0,1,NA,NA,"subscript out of bounds | fallback failed: subscript out of bounds"
842,500,0.4,5,0,1,NA,NA,"subscript out of bounds | fallback failed: subscript out of bounds"
843,500,0.4,5,0.0625,0.015984015984016,0.0625,0.01998001998002,NA
844,500,0.4,5,0.0625,0.043956043956044,0.0625,0.035964035964036,NA
845,500,0.4,5,0.0625,0.033966033966034,0.0625,0.033966033966034,NA
846,500,0.4,5,0.0625,0.025974025974026,0.0625,0.021978021978022,NA
847,500,0.4,5,0.0625,0.018981018981019,0.0625,0.021978021978022,NA
848,500,0.4,5,0.0625,0.003996003996004,0.0625,0.00899100899100899,NA
849,500,0.4,5,0,1,NA,NA,"subscript out of bounds | fallback failed: subscript out of bounds"
850,500,0.4,5,0,1,NA,NA,"subscript out of bounds | fallback failed: subscript out of bounds"
851,500,0.4,5,0.0625,0.023976023976024,0.0625,0.021978021978022,NA
852,500,0.4,5,0.0625,0.028971028971029,0.0625,0.026973026973027,NA
853,500,0.4,5,0.0625,0.020979020979021,0.0625,0.018981018981019,NA
854,500,0.4,5,0.0625,0.016983016983017,0.0625,0.016983016983017,NA
855,500,0.4,5,0,1,NA,NA,"subscript out of bounds | fallback failed: subscript out of bounds"
856,500,0.4,5,0.0625,0.018981018981019,0.0625,0.024975024975025,NA
857,500,0.4,5,0,1,NA,NA,"subscript out of bounds | fallback failed: subscript out of bounds"
858,500,0.4,5,0,1,NA,NA,"subscript out of bounds | fallback failed: subscript out of bounds"
859,500,0.4,5,0,1,NA,NA,"subscript out of bounds | fallback failed: subscript out of bounds"
860,500,0.4,5,0,1,NA,NA,"subscript out of bounds | fallback failed: subscript out of bounds"
861,500,0.4,5,0,1,NA,NA,"subscript out of bounds | fallback failed: subscript out of bounds"
862,500,0.4,5,0.0625,0.012987012987013,0.0625,0.016983016983017,NA
863,500,0.4,5,0,1,NA,NA,"subscript out of bounds | fallback failed: subscript out of bounds"
864,500,0.4,5,0.0625,0.00899100899100899,0.0625,0.014985014985015,NA
865,500,0.4,5,0,1,NA,NA,"subscript out of bounds | fallback failed: subscript out of bounds"
866,500,0.4,5,0,1,0,1,NA
867,500,0.4,5,0,1,NA,NA,"subscript out of bounds | fallback failed: subscript out of bounds"
868,500,0.4,5,0.0625,0.027972027972028,0.0625,0.030969030969031,NA
869,500,0.4,5,0.0625,0.0659340659340659,0.0625,0.0609390609390609,NA
870,500,0.4,5,0.0625,0.00999000999000999,0.0625,0.00999000999000999,NA
871,500,0.4,5,0.0625,0.017982017982018,0.0625,0.016983016983017,NA
872,500,0.4,5,0.0625,0.033966033966034,0.0625,0.026973026973027,NA
873,500,0.4,5,0.0625,0.027972027972028,0.0625,0.018981018981019,NA
874,500,0.4,5,0.0625,0.048951048951049,0.0625,0.044955044955045,NA
875,500,0.4,5,0.125,0.001,0.125,0.001,NA
876,500,0.4,5,0,1,0,1,NA
877,500,0.4,5,0.0625,0.00899100899100899,0.0625,0.010989010989011,NA
878,500,0.4,5,0.0625,0.024975024975025,0.0625,0.024975024975025,NA
879,500,0.4,5,0.0625,0.011988011988012,0.0625,0.017982017982018,NA
880,500,0.4,5,0,1,0,1,NA
881,500,0.4,5,0.0625,0.02997002997003,0.0625,0.017982017982018,NA
882,500,0.4,5,0.125,0.001,0.125,0.001,NA
883,500,0.4,5,0.0625,0.010989010989011,0.0625,0.020979020979021,NA
884,500,0.4,5,0,1,NA,NA,"subscript out of bounds | fallback failed: subscript out of bounds"
885,500,0.4,5,0,1,NA,NA,"subscript out of bounds | fallback failed: subscript out of bounds"
886,500,0.4,5,0,1,0,1,NA
887,500,0.4,5,0.0625,0.012987012987013,0.0625,0.026973026973027,NA
888,500,0.4,5,0.0625,0.0689310689310689,0.0625,0.0579420579420579,NA
889,500,0.4,5,0,1,0,1,NA
890,500,0.4,5,0.0625,0.011988011988012,0.0625,0.013986013986014,NA
891,500,0.4,5,0.0625,0.017982017982018,0.0625,0.025974025974026,NA
892,500,0.4,5,0.0625,0.011988011988012,0.0625,0.00699300699300699,NA
893,500,0.4,5,0.125,0.001,0.125,0.001,NA
894,500,0.4,5,0,1,NA,NA,"subscript out of bounds | fallback failed: subscript out of bounds"
895,500,0.4,5,0,1,NA,NA,"subscript out of bounds | fallback failed: subscript out of bounds"
896,500,0.4,5,0.0625,0.014985014985015,0.0625,0.020979020979021,NA
897,500,0.4,5,0,1,NA,NA,"subscript out of bounds | fallback failed: subscript out of bounds"
898,500,0.4,5,0,1,0,1,NA
899,500,0.4,5,0,1,0,1,NA
900,500,0.4,5,0.0625,0.021978021978022,0.0625,0.026973026973027,NA
901,500,0.4,5,0.0625,0.00899100899100899,0.0625,0.00799200799200799,NA
902,500,0.4,5,0,1,NA,NA,"subscript out of bounds | fallback failed: subscript out of bounds"
903,500,0.4,5,0.0625,0.032967032967033,0.0625,0.025974025974026,NA
904,500,0.4,5,0.0625,0.015984015984016,0.0625,0.012987012987013,NA
905,500,0.4,5,0,1,NA,NA,"subscript out of bounds | fallback failed: subscript out of bounds"
906,500,0.4,5,0,1,NA,NA,"subscript out of bounds | fallback failed: subscript out of bounds"
907,500,0.4,5,0.0625,0.00899100899100899,0.0625,0.00899100899100899,NA
908,500,0.4,5,0.0625,0.013986013986014,0.0625,0.020979020979021,NA
909,500,0.4,5,0.0625,0.0569430569430569,0.0625,0.034965034965035,NA
910,500,0.4,5,0.0625,0.020979020979021,0.0625,0.017982017982018,NA
911,500,0.4,5,0.0625,0.00799200799200799,0.0625,0.00999000999000999,NA
912,500,0.4,5,0,1,0,1,NA
913,500,0.4,5,0.0625,0.032967032967033,0.0625,0.027972027972028,NA
914,500,0.4,5,0.0625,0.025974025974026,0.0625,0.020979020979021,NA
915,500,0.4,5,0,1,0,1,NA
916,500,0.4,5,0.0625,0.047952047952048,0.0625,0.045954045954046,NA
917,500,0.4,5,0,1,NA,NA,"subscript out of bounds | fallback failed: subscript out of bounds"
918,500,0.4,5,0.0625,0.00799200799200799,0.0625,0.014985014985015,NA
919,500,0.4,5,0.125,0.001,0.125,0.001,NA
920,500,0.4,5,0.0625,0.028971028971029,0.0625,0.020979020979021,NA
921,500,0.4,5,0.0625,0.015984015984016,0.0625,0.010989010989011,NA
922,500,0.4,5,0,1,NA,NA,"subscript out of bounds | fallback failed: subscript out of bounds"
923,500,0.4,5,0.0625,0.014985014985015,0.0625,0.023976023976024,NA
924,500,0.4,5,0.0625,0.031968031968032,0.0625,0.044955044955045,NA
925,500,0.4,5,0.0625,0.036963036963037,0.0625,0.024975024975025,NA
926,500,0.4,5,0.0625,0.027972027972028,0.0625,0.023976023976024,NA
927,500,0.4,5,0,1,NA,NA,"subscript out of bounds | fallback failed: subscript out of bounds"
928,500,0.4,5,0.0625,0.028971028971029,0.0625,0.040959040959041,NA
929,500,0.4,5,0,1,0,1,NA
930,500,0.4,5,0,1,NA,NA,"subscript out of bounds | fallback failed: subscript out of bounds"
931,500,0.4,5,0.0625,0.027972027972028,0.0625,0.024975024975025,NA
932,500,0.4,5,0.0625,0.010989010989011,0.0625,0.017982017982018,NA
933,500,0.4,5,0,1,0,1,NA
934,500,0.4,5,0.125,0.001,0.125,0.001,NA
935,500,0.4,5,0,1,NA,NA,"subscript out of bounds | fallback failed: subscript out of bounds"
936,500,0.4,5,0,1,NA,NA,"subscript out of bounds | fallback failed: subscript out of bounds"
937,500,0.4,5,0.0625,0.012987012987013,0.0625,0.016983016983017,NA
938,500,0.4,5,0.0625,0.010989010989011,0.0625,0.011988011988012,NA
939,500,0.4,5,0.0625,0.0549450549450549,0.0625,0.050949050949051,NA
940,500,0.4,5,0.0625,0.020979020979021,0.0625,0.011988011988012,NA
941,500,0.4,5,0.0625,0.018981018981019,0.0625,0.027972027972028,NA
942,500,0.4,5,0.0625,0.020979020979021,0.0625,0.02997002997003,NA
943,500,0.4,5,0,1,NA,NA,"subscript out of bounds | fallback failed: subscript out of bounds"
944,500,0.4,5,0.0625,0.023976023976024,0.0625,0.035964035964036,NA
945,500,0.4,5,0,1,NA,NA,"subscript out of bounds | fallback failed: subscript out of bounds"
946,500,0.4,5,0.0625,0.012987012987013,0.0625,0.016983016983017,NA
947,500,0.4,5,0.0625,0.016983016983017,0.0625,0.017982017982018,NA
948,500,0.4,5,0.0625,0.024975024975025,0.0625,0.028971028971029,NA
949,500,0.4,5,0,1,NA,NA,"subscript out of bounds | fallback failed: subscript out of bounds"
950,500,0.4,5,0.0625,0.0609390609390609,0.0625,0.044955044955045,NA
951,500,0.4,5,0,1,NA,NA,"subscript out of bounds | fallback failed: subscript out of bounds"
952,500,0.4,5,0.0625,0.022977022977023,0.0625,0.017982017982018,NA
953,500,0.4,5,0.0625,0.011988011988012,0.0625,0.011988011988012,NA
954,500,0.4,5,0.0625,0.020979020979021,0.0625,0.017982017982018,NA
955,500,0.4,5,0.0625,0.017982017982018,0.0625,0.012987012987013,NA
956,500,0.4,5,0.0625,0.00699300699300699,0.0625,0.014985014985015,NA
957,500,0.4,5,0.0625,0.018981018981019,0.0625,0.025974025974026,NA
958,500,0.4,5,0,1,NA,NA,"subscript out of bounds | fallback failed: subscript out of bounds"
959,500,0.4,5,0,1,NA,NA,"subscript out of bounds | fallback failed: subscript out of bounds"
960,500,0.4,5,0.0625,0.0559440559440559,0.0625,0.0549450549450549,NA
961,500,0.4,5,0.0625,0.00799200799200799,0.0625,0.00999000999000999,NA
962,500,0.4,5,0,1,NA,NA,"subscript out of bounds | fallback failed: subscript out of bounds"
963,500,0.4,5,0.0625,0.040959040959041,0.0625,0.033966033966034,NA
964,500,0.4,5,0.0625,0.025974025974026,0.0625,0.03996003996004,NA
965,500,0.4,5,0.0625,0.00699300699300699,0.0625,0.00699300699300699,NA
966,500,0.4,5,0,1,0,1,NA
967,500,0.4,5,0.0625,0.00599400599400599,0.0625,0.00799200799200799,NA
968,500,0.4,5,0.0625,0.033966033966034,0.0625,0.023976023976024,NA
969,500,0.4,5,0,1,NA,NA,"subscript out of bounds | fallback failed: subscript out of bounds"
970,500,0.4,5,0.0625,0.037962037962038,0.0625,0.021978021978022,NA
971,500,0.4,5,0.0625,0.017982017982018,0.0625,0.014985014985015,NA
972,500,0.4,5,0.0625,0.048951048951049,0.0625,0.0549450549450549,NA
973,500,0.4,5,0.0625,0.00799200799200799,0.0625,0.00899100899100899,NA
974,500,0.4,5,0,1,0,1,NA
975,500,0.4,5,0.0625,0.014985014985015,0.0625,0.028971028971029,NA
976,500,0.4,5,0,1,NA,NA,"subscript out of bounds | fallback failed: subscript out of bounds"
977,500,0.4,5,0.0625,0.00799200799200799,0.0625,0.010989010989011,NA
978,500,0.4,5,0,1,NA,NA,"subscript out of bounds | fallback failed: subscript out of bounds"
979,500,0.4,5,0.0625,0.030969030969031,0.0625,0.020979020979021,NA
980,500,0.4,5,0,1,0,1,NA
981,500,0.4,5,0,1,NA,NA,"subscript out of bounds | fallback failed: subscript out of bounds"
982,500,0.4,5,0.0625,0.026973026973027,0.0625,0.021978021978022,NA
983,500,0.4,5,0,1,NA,NA,"subscript out of bounds | fallback failed: subscript out of bounds"
984,500,0.4,5,0.0625,0.032967032967033,0.0625,0.016983016983017,NA
985,500,0.4,5,0.0625,0.00999000999000999,0.0625,0.013986013986014,NA
986,500,0.4,5,0.0625,0.01998001998002,0.0625,0.014985014985015,NA
987,500,0.4,5,0.0625,0.038961038961039,0.0625,0.027972027972028,NA
988,500,0.4,5,0.0625,0.046953046953047,0.0625,0.041958041958042,NA
989,500,0.4,5,0.0625,0.012987012987013,0.0625,0.00999000999000999,NA
990,500,0.4,5,0.0625,0.00899100899100899,0.0625,0.00699300699300699,NA
991,500,0.4,5,0,1,0,1,NA
992,500,0.4,5,0,1,NA,NA,"subscript out of bounds | fallback failed: subscript out of bounds"
993,500,0.4,5,0.0625,0.0669330669330669,0.0625,0.0529470529470529,NA
994,500,0.4,5,0,1,NA,NA,"subscript out of bounds | fallback failed: subscript out of bounds"
995,500,0.4,5,0.0625,0.043956043956044,0.0625,0.047952047952048,NA
996,500,0.4,5,0,1,NA,NA,"subscript out of bounds | fallback failed: subscript out of bounds"
997,500,0.4,5,0.0625,0.018981018981019,0.0625,0.037962037962038,NA
998,500,0.4,5,0.0625,0.030969030969031,0.0625,0.022977022977023,NA
999,500,0.4,5,0,1,NA,NA,"subscript out of bounds | fallback failed: subscript out of bounds"
1000,500,0.4,5,0,1,NA,NA,"subscript out of bounds | fallback failed: subscript out of bounds"
